DATES,LATITUDE,LONGITUDE,DailyAverageWindSpeed,DailyPrecipitation
2009-01-02,-73.96925,40.77898,9.11111111111111,82.0
2009-01-03,-73.96925,40.77898,8.0,8.0
2009-01-05,-73.96925,40.77898,9.0,9.0
2009-01-06,-73.96925,40.77898,9.1,91.0
2009-01-07,-73.96925,40.77898,10.057142857142857,352.0
2009-01-10,-73.96925,40.77898,9.371428571428572,328.0
2009-01-11,-73.96925,40.77898,8.055555555555555,145.0
2009-01-15,-73.96925,40.77898,7.217391304347826,166.0
2009-01-17,-73.96925,40.77898,4.411764705882353,75.0
2009-01-18,-73.96925,40.77898,4.909090909090909,108.0
2009-01-28,-73.96925,40.77898,8.456140350877194,482.0
2009-01-30,-73.96925,40.77898,8.0,24.0
2009-02-03,-73.96925,40.77898,8.21951219512195,337.0
2009-02-08,-73.96925,40.77898,9.0,9.0
2009-02-11,-73.96925,40.77898,10.0,10.0
2009-02-12,-73.96925,40.77898,5.75,23.0
2009-02-18,-73.96925,40.77898,6.882352941176471,117.0
2009-02-19,-73.96925,40.77898,7.333333333333333,22.0
2009-02-22,-73.96925,40.77898,7.153846153846154,93.0
2009-02-27,-73.96925,40.77898,7.5,45.0
2009-03-01,-73.96925,40.77898,11.0,187.0
2009-03-02,-73.96925,40.77898,11.68,292.0
2009-03-06,-73.96925,40.77898,7.0,7.0
2009-03-08,-73.96925,40.77898,9.0,27.0
2009-03-09,-73.96925,40.77898,8.461538461538462,110.0
2009-03-10,-73.96925,40.77898,4.25,17.0
2009-03-19,-73.96925,40.77898,5.777777777777778,52.0
2009-03-20,-73.96925,40.77898,6.733333333333333,101.0
2009-03-26,-73.96925,40.77898,3.272727272727273,36.0
2009-03-28,-73.96925,40.77898,6.4,32.0
2009-03-29,-73.96925,40.77898,8.25925925925926,223.0
2009-04-01,-73.96925,40.77898,6.35,127.0
2009-04-02,-73.96925,40.77898,4.8,24.0
2009-04-03,-73.96925,40.77898,8.333333333333334,300.0
2009-04-06,-73.96925,40.77898,7.290322580645161,226.0
2009-04-08,-73.96925,40.77898,6.0,6.0
2009-04-10,-73.96925,40.77898,11.333333333333334,34.0
2009-04-11,-73.96925,40.77898,9.619047619047619,202.0
2009-04-14,-73.96925,40.77898,11.777777777777779,106.0
2009-04-15,-73.96925,40.77898,12.5,150.0
2009-04-20,-73.96925,40.77898,13.117647058823529,446.0
2009-04-21,-73.96925,40.77898,7.833333333333333,47.0
2009-04-22,-73.96925,40.77898,5.0,25.0
2009-04-29,-73.96925,40.77898,13.0,26.0
2009-05-01,-73.96925,40.77898,5.111111111111111,138.0
2009-05-02,-73.96925,40.77898,6.8,34.0
2009-05-03,-73.96925,40.77898,3.0238095238095237,127.0
2009-05-04,-73.96925,40.77898,4.031746031746032,254.0
2009-05-05,-73.96925,40.77898,10.2,306.0
2009-05-06,-73.96925,40.77898,6.4,160.0
2009-05-07,-73.96925,40.77898,2.576923076923077,67.0
2009-05-09,-73.96925,40.77898,3.6666666666666665,44.0
2009-05-14,-73.96925,40.77898,8.090909090909092,89.0
2009-05-16,-73.96925,40.77898,2.5714285714285716,18.0
2009-05-17,-73.96925,40.77898,2.111111111111111,19.0
2009-05-26,-73.96925,40.77898,5.0,15.0
2009-05-28,-73.96925,40.77898,0.0,0.0
2009-05-29,-73.96925,40.77898,0.8571428571428571,12.0
2009-05-31,-73.96925,40.77898,8.0,8.0
2009-06-02,-73.96925,40.77898,4.0,20.0
2009-06-03,-73.96925,40.77898,3.789473684210526,72.0
2009-06-04,-73.96925,40.77898,2.8461538461538463,74.0
2009-06-05,-73.96925,40.77898,8.135135135135135,301.0
2009-06-07,-73.96925,40.77898,5.5,11.0
2009-06-08,-73.96925,40.77898,6.333333333333333,19.0
2009-06-09,-73.96925,40.77898,4.75,152.0
2009-06-10,-73.96925,40.77898,5.5,22.0
2009-06-11,-73.96925,40.77898,6.916666666666667,166.0
2009-06-12,-73.96925,40.77898,3.8333333333333335,69.0
2009-06-13,-73.96925,40.77898,5.461538461538462,71.0
2009-06-14,-73.96925,40.77898,4.0,8.0
2009-06-15,-73.96925,40.77898,4.117647058823529,70.0
2009-06-17,-73.96925,40.77898,2.6666666666666665,8.0
2009-06-18,-73.96925,40.77898,6.60377358490566,350.0
2009-06-20,-73.96925,40.77898,4.571428571428571,128.0
2009-06-21,-73.96925,40.77898,5.96,149.0
2009-06-22,-73.96925,40.77898,9.0,18.0
2009-06-23,-73.96925,40.77898,0.0,0.0
2009-06-24,-73.96925,40.77898,3.3043478260869565,76.0
2009-06-26,-73.96925,40.77898,5.25,63.0
2009-06-30,-73.96925,40.77898,5.470588235294118,93.0
2009-07-02,-73.96925,40.77898,3.9375,126.0
2009-07-07,-73.96925,40.77898,5.625,45.0
2009-07-11,-73.96925,40.77898,7.333333333333333,66.0
2009-07-12,-73.96925,40.77898,5.5,22.0
2009-07-17,-73.96925,40.77898,5.2,26.0
2009-07-18,-73.96925,40.77898,4.4,22.0
2009-07-21,-73.96925,40.77898,7.6,266.0
2009-07-23,-73.96925,40.77898,8.38888888888889,151.0
2009-07-24,-73.96925,40.77898,4.0,8.0
2009-07-26,-73.96925,40.77898,5.722222222222222,103.0
2009-07-27,-73.96925,40.77898,5.2727272727272725,58.0
2009-07-29,-73.96925,40.77898,5.846153846153846,152.0
2009-07-31,-73.96925,40.77898,5.904761904761905,124.0
2009-08-02,-73.96925,40.77898,5.12,128.0
2009-08-09,-73.96925,40.77898,4.166666666666667,25.0
2009-08-10,-73.96925,40.77898,5.25,42.0
2009-08-12,-73.96925,40.77898,9.0,9.0
2009-08-13,-73.96925,40.77898,5.5,22.0
2009-08-18,-73.96925,40.77898,7.625,61.0
2009-08-20,-73.96925,40.77898,5.5,11.0
2009-08-21,-73.96925,40.77898,5.0,45.0
2009-08-22,-73.96925,40.77898,3.92,98.0
2009-08-23,-73.96925,40.77898,2.5714285714285716,18.0
2009-08-26,-73.96925,40.77898,2.6666666666666665,8.0
2009-08-28,-73.96925,40.77898,4.972222222222222,179.0
2009-08-29,-73.96925,40.77898,5.590909090909091,123.0
2009-08-30,-73.96925,40.77898,6.0,6.0
2009-09-10,-73.96925,40.77898,11.0,11.0
2009-09-11,-73.96925,40.77898,14.568627450980392,743.0
2009-09-12,-73.96925,40.77898,5.111111111111111,46.0
2009-09-17,-73.96925,40.77898,8.666666666666666,26.0
2009-09-24,-73.96925,40.77898,9.0,18.0
2009-09-26,-73.96925,40.77898,2.5454545454545454,28.0
2009-09-27,-73.96925,40.77898,4.304347826086956,198.0
2009-09-28,-73.96925,40.77898,5.666666666666667,34.0
2009-10-02,-73.96925,40.77898,6.25,25.0
2009-10-03,-73.96925,40.77898,4.625,74.0
2009-10-07,-73.96925,40.77898,6.1,61.0
2009-10-09,-73.96925,40.77898,5.166666666666667,31.0
2009-10-10,-73.96925,40.77898,5.0,5.0
2009-10-15,-73.96925,40.77898,13.058823529411764,222.0
2009-10-16,-73.96925,40.77898,10.444444444444445,94.0
2009-10-17,-73.96925,40.77898,7.333333333333333,22.0
2009-10-18,-73.96925,40.77898,9.928571428571429,139.0
2009-10-23,-73.96925,40.77898,9.333333333333334,56.0
2009-10-24,-73.96925,40.77898,6.181818181818182,340.0
2009-10-27,-73.96925,40.77898,7.391304347826087,170.0
2009-10-28,-73.96925,40.77898,9.28125,297.0
2009-10-31,-73.96925,40.77898,6.521739130434782,150.0
2009-11-01,-73.96925,40.77898,5.666666666666667,17.0
2009-11-02,-73.96925,40.77898,9.0,9.0
2009-11-05,-73.96925,40.77898,9.5,19.0
2009-11-12,-73.96925,40.77898,14.0,98.0
2009-11-13,-73.96925,40.77898,16.7,167.0
2009-11-14,-73.96925,40.77898,7.0,182.0
2009-11-15,-73.96925,40.77898,1.5,6.0
2009-11-19,-73.96925,40.77898,7.142857142857143,150.0
2009-11-20,-73.96925,40.77898,6.357142857142857,89.0
2009-11-23,-73.96925,40.77898,10.5,21.0
2009-11-25,-73.96925,40.77898,2.8333333333333335,34.0
2009-11-30,-73.96925,40.77898,5.384615384615385,70.0
2009-12-02,-73.96925,40.77898,8.76923076923077,114.0
2009-12-03,-73.96925,40.77898,11.533333333333333,173.0
2009-12-05,-73.96925,40.77898,8.8,176.0
2009-12-09,-73.96925,40.77898,10.96551724137931,318.0
2009-12-13,-73.96925,40.77898,6.592592592592593,178.0
2009-12-19,-73.96925,40.77898,11.407407407407407,308.0
2009-12-20,-73.96925,40.77898,7.6,152.0
2009-12-25,-73.96925,40.77898,12.777777777777779,115.0
2009-12-26,-73.96925,40.77898,11.909090909090908,524.0
2009-12-27,-73.96925,40.77898,8.466666666666667,127.0
2009-12-29,-73.96925,40.77898,13.0,13.0
2009-12-31,-73.96925,40.77898,3.391304347826087,78.0
2010-01-01,-73.96925,40.77898,4.0,28.0
2010-01-02,-73.96925,40.77898,9.833333333333334,59.0
2010-01-03,-73.96925,40.77898,15.0,105.0
2010-01-05,-73.96925,40.77898,10.0,10.0
2010-01-06,-73.96925,40.77898,10.0,40.0
2010-01-08,-73.96925,40.77898,6.434782608695652,148.0
2010-01-17,-73.96925,40.77898,1.0,24.0
2010-01-19,-73.96925,40.77898,0.0,0.0
2010-01-24,-73.96925,40.77898,0.0,0.0
2010-01-25,-73.96925,40.77898,3.8333333333333335,23.0
2010-01-26,-73.96925,40.77898,9.0,36.0
2010-01-28,-73.96925,40.77898,6.461538461538462,84.0
2010-02-02,-73.96925,40.77898,4.0,24.0
2010-02-03,-73.96925,40.77898,5.55,111.0
2010-02-06,-73.96925,40.77898,17.0,255.0
2010-02-09,-73.96925,40.77898,7.4,37.0
2010-02-10,-73.96925,40.77898,12.382978723404255,582.0
2010-02-16,-73.96925,40.77898,5.138888888888889,185.0
2010-02-22,-73.96925,40.77898,11.0,22.0
2010-02-23,-73.96925,40.77898,13.681818181818182,602.0
2010-02-24,-73.96925,40.77898,10.95,219.0
2010-02-25,-73.96925,40.77898,3.0238095238095237,127.0
2010-02-26,-73.96925,40.77898,0.7307692307692307,19.0
2010-02-28,-73.96925,40.77898,5.0,10.0
2010-03-02,-73.96925,40.77898,5.666666666666667,17.0
2010-03-03,-73.96925,40.77898,12.3,123.0
2010-03-12,-73.96925,40.77898,12.15,243.0
2010-03-13,-73.96925,40.77898,22.46938775510204,1101.0
2010-03-14,-73.96925,40.77898,13.1875,211.0
2010-03-15,-73.96925,40.77898,9.3125,149.0
2010-03-16,-73.96925,40.77898,8.5,17.0
2010-03-22,-73.96925,40.77898,5.679245283018868,301.0
2010-03-23,-73.96925,40.77898,4.285714285714286,60.0
2010-03-25,-73.96925,40.77898,2.5,5.0
2010-03-26,-73.96925,40.77898,7.636363636363637,84.0
2010-03-28,-73.96925,40.77898,9.428571428571429,66.0
2010-03-29,-73.96925,40.77898,6.066666666666666,364.0
2010-03-30,-73.96925,40.77898,10.96,548.0
2010-03-31,-73.96925,40.77898,9.25,37.0
2010-04-09,-73.96925,40.77898,4.571428571428571,64.0
2010-04-16,-73.96925,40.77898,3.875,62.0
2010-04-17,-73.96925,40.77898,2.2,11.0
2010-04-21,-73.96925,40.77898,10.666666666666666,32.0
2010-04-22,-73.96925,40.77898,7.0,7.0
2010-04-24,-73.96925,40.77898,3.0,3.0
2010-04-25,-73.96925,40.77898,5.5,264.0
2010-04-26,-73.96925,40.77898,7.67741935483871,238.0
2010-04-27,-73.96925,40.77898,6.4,32.0
2010-05-03,-73.96925,40.77898,2.96,74.0
2010-05-04,-73.96925,40.77898,3.0,3.0
2010-05-06,-73.96925,40.77898,8.0,8.0
2010-05-08,-73.96925,40.77898,0.0,0.0
2010-05-11,-73.96925,40.77898,1.5,3.0
2010-05-12,-73.96925,40.77898,8.055555555555555,145.0
2010-05-14,-73.96925,40.77898,4.285714285714286,30.0
2010-05-18,-73.96925,40.77898,9.8,343.0
2010-05-19,-73.96925,40.77898,1.6666666666666667,5.0
2010-05-23,-73.96925,40.77898,7.333333333333333,22.0
2010-05-24,-73.96925,40.77898,6.555555555555555,59.0
2010-05-27,-73.96925,40.77898,4.5,9.0
2010-06-01,-73.96925,40.77898,7.666666666666667,23.0
2010-06-06,-73.96925,40.77898,11.0,22.0
2010-06-09,-73.96925,40.77898,6.4411764705882355,219.0
2010-06-10,-73.96925,40.77898,2.875,23.0
2010-06-13,-73.96925,40.77898,5.214285714285714,73.0
2010-06-14,-73.96925,40.77898,3.3333333333333335,10.0
2010-06-17,-73.96925,40.77898,6.0,48.0
2010-06-20,-73.96925,40.77898,6.5,13.0
2010-06-22,-73.96925,40.77898,6.666666666666667,40.0
2010-06-24,-73.96925,40.77898,3.0,3.0
2010-06-28,-73.96925,40.77898,3.0,3.0
2010-07-08,-73.96925,40.77898,5.0,20.0
2010-07-09,-73.96925,40.77898,5.4,27.0
2010-07-11,-73.96925,40.77898,6.0,12.0
2010-07-13,-73.96925,40.77898,6.315789473684211,120.0
2010-07-14,-73.96925,40.77898,5.076923076923077,132.0
2010-07-19,-73.96925,40.77898,1.4444444444444444,13.0
2010-07-23,-73.96925,40.77898,2.4615384615384617,32.0
2010-07-25,-73.96925,40.77898,3.3,33.0
2010-07-29,-73.96925,40.77898,3.888888888888889,35.0
2010-08-05,-73.96925,40.77898,5.833333333333333,35.0
2010-08-12,-73.96925,40.77898,5.818181818181818,64.0
2010-08-13,-73.96925,40.77898,6.0,6.0
2010-08-15,-73.96925,40.77898,5.266666666666667,79.0
2010-08-16,-73.96925,40.77898,4.111111111111111,37.0
2010-08-22,-73.96925,40.77898,5.571428571428571,312.0
2010-08-23,-73.96925,40.77898,6.518518518518518,176.0
2010-08-24,-73.96925,40.77898,7.25,29.0
2010-08-25,-73.96925,40.77898,4.0,92.0
2010-09-08,-73.96925,40.77898,10.0,10.0
2010-09-12,-73.96925,40.77898,6.368421052631579,121.0
2010-09-13,-73.96925,40.77898,3.8,38.0
2010-09-16,-73.96925,40.77898,4.6,69.0
2010-09-17,-73.96925,40.77898,5.857142857142857,41.0
2010-09-22,-73.96925,40.77898,5.75,23.0
2010-09-26,-73.96925,40.77898,17.0,17.0
2010-09-27,-73.96925,40.77898,0.0,0.0
2010-09-28,-73.96925,40.77898,9.0,9.0
2010-09-30,-73.96925,40.77898,7.526315789473684,143.0
2010-10-01,-73.96925,40.77898,5.857142857142857,82.0
2010-10-03,-73.96925,40.77898,8.5,17.0
2010-10-04,-73.96925,40.77898,8.75,280.0
2010-10-05,-73.96925,40.77898,10.25,82.0
2010-10-07,-73.96925,40.77898,8.0,8.0
2010-10-11,-73.96925,40.77898,3.2857142857142856,46.0
2010-10-12,-73.96925,40.77898,2.3333333333333335,35.0
2010-10-14,-73.96925,40.77898,1.75,42.0
2010-10-15,-73.96925,40.77898,7.285714285714286,51.0
2010-10-18,-73.96925,40.77898,9.0,9.0
2010-10-19,-73.96925,40.77898,1.8,9.0
2010-10-21,-73.96925,40.77898,5.0,5.0
2010-10-26,-73.96925,40.77898,6.0,6.0
2010-10-27,-73.96925,40.77898,6.0,132.0
2010-11-04,-73.96925,40.77898,8.210526315789474,312.0
2010-11-05,-73.96925,40.77898,4.363636363636363,48.0
2010-11-08,-73.96925,40.77898,11.5,69.0
2010-11-16,-73.96925,40.77898,6.368421052631579,121.0
2010-11-17,-73.96925,40.77898,8.363636363636363,92.0
2010-11-18,-73.96925,40.77898,8.0,8.0
2010-11-25,-73.96925,40.77898,1.2222222222222223,11.0
2010-11-26,-73.96925,40.77898,5.523809523809524,116.0
2010-11-30,-73.96925,40.77898,8.0,56.0
2010-12-01,-73.96925,40.77898,12.0,432.0
2010-12-12,-73.96925,40.77898,7.836734693877551,384.0
2010-12-13,-73.96925,40.77898,8.058823529411764,137.0
2010-12-14,-73.96925,40.77898,10.88888888888889,98.0
2010-12-26,-73.96925,40.77898,11.782608695652174,271.0
2010-12-27,-73.96925,40.77898,14.857142857142858,208.0
2011-01-02,-73.96925,40.77898,3.6666666666666665,33.0
2011-01-07,-73.96925,40.77898,4.833333333333333,116.0
2011-01-08,-73.96925,40.77898,7.75,62.0
2011-01-11,-73.96925,40.77898,8.6875,139.0
2011-01-12,-73.96925,40.77898,8.272727272727273,182.0
2011-01-18,-73.96925,40.77898,10.35897435897436,404.0
2011-01-19,-73.96925,40.77898,4.8,24.0
2011-01-21,-73.96925,40.77898,6.2272727272727275,137.0
2011-01-25,-73.96925,40.77898,7.035714285714286,197.0
2011-01-26,-73.96925,40.77898,11.0,451.0
2011-01-27,-73.96925,40.77898,1.6428571428571428,23.0
2011-01-28,-73.96925,40.77898,4.333333333333333,52.0
2011-01-29,-73.96925,40.77898,4.166666666666667,50.0
2011-01-31,-73.96925,40.77898,8.0,8.0
2011-02-01,-73.96925,40.77898,9.0,369.0
2011-02-02,-73.96925,40.77898,6.416666666666667,231.0
2011-02-05,-73.96925,40.77898,8.0,112.0
2011-02-07,-73.96925,40.77898,6.125,49.0
2011-02-08,-73.96925,40.77898,6.181818181818182,68.0
2011-02-21,-73.96925,40.77898,5.961538461538462,155.0
2011-02-24,-73.96925,40.77898,2.6,13.0
2011-02-25,-73.96925,40.77898,5.531914893617022,260.0
2011-02-28,-73.96925,40.77898,9.476190476190476,199.0
2011-03-05,-73.96925,40.77898,7.0,28.0
2011-03-06,-73.96925,40.77898,8.735849056603774,463.0
2011-03-07,-73.96925,40.77898,9.083333333333334,109.0
2011-03-09,-73.96925,40.77898,10.0,20.0
2011-03-10,-73.96925,40.77898,11.366666666666667,341.0
2011-03-11,-73.96925,40.77898,8.571428571428571,240.0
2011-03-16,-73.96925,40.77898,8.0,144.0
2011-03-21,-73.96925,40.77898,8.5625,137.0
2011-03-23,-73.96925,40.77898,6.032258064516129,374.0
2011-03-24,-73.96925,40.77898,4.6923076923076925,61.0
2011-03-30,-73.96925,40.77898,6.5,13.0
2011-03-31,-73.96925,40.77898,10.625,170.0
2011-04-01,-73.96925,40.77898,6.625,159.0
2011-04-03,-73.96925,40.77898,8.0,8.0
2011-04-04,-73.96925,40.77898,7.0,21.0
2011-04-05,-73.96925,40.77898,11.857142857142858,166.0
2011-04-06,-73.96925,40.77898,5.4,54.0
2011-04-07,-73.96925,40.77898,7.5,15.0
2011-04-11,-73.96925,40.77898,9.0,9.0
2011-04-12,-73.96925,40.77898,11.538461538461538,300.0
2011-04-13,-73.96925,40.77898,15.625,250.0
2011-04-16,-73.96925,40.77898,12.566666666666666,377.0
2011-04-17,-73.96925,40.77898,9.5,95.0
2011-04-19,-73.96925,40.77898,6.75,81.0
2011-04-23,-73.96925,40.77898,7.714285714285714,216.0
2011-04-24,-73.96925,40.77898,0.6470588235294118,11.0
2011-04-27,-73.96925,40.77898,7.0,7.0
2011-04-28,-73.96925,40.77898,5.5625,89.0
2011-05-04,-73.96925,40.77898,6.923076923076923,180.0
2011-05-15,-73.96925,40.77898,3.9130434782608696,90.0
2011-05-16,-73.96925,40.77898,12.428571428571429,87.0
2011-05-17,-73.96925,40.77898,13.846153846153847,180.0
2011-05-18,-73.96925,40.77898,7.137254901960785,364.0
2011-05-19,-73.96925,40.77898,2.6666666666666665,8.0
2011-05-20,-73.96925,40.77898,0.9333333333333333,14.0
2011-05-21,-73.96925,40.77898,3.4,17.0
2011-05-23,-73.96925,40.77898,2.6363636363636362,29.0
2011-05-30,-73.96925,40.77898,2.1666666666666665,13.0
2011-06-04,-73.96925,40.77898,7.0,7.0
2011-06-09,-73.96925,40.77898,3.75,15.0
2011-06-11,-73.96925,40.77898,9.25,148.0
2011-06-12,-73.96925,40.77898,0.0,0.0
2011-06-13,-73.96925,40.77898,4.5,27.0
2011-06-14,-73.96925,40.77898,2.4,24.0
2011-06-17,-73.96925,40.77898,4.625,185.0
2011-06-22,-73.96925,40.77898,3.8333333333333335,23.0
2011-06-23,-73.96925,40.77898,5.75,69.0
2011-06-24,-73.96925,40.77898,4.846153846153846,63.0
2011-06-29,-73.96925,40.77898,3.5,21.0
2011-07-03,-73.96925,40.77898,3.0,66.0
2011-07-06,-73.96925,40.77898,5.0,5.0
2011-07-08,-73.96925,40.77898,4.363636363636363,96.0
2011-07-13,-73.96925,40.77898,6.833333333333333,41.0
2011-07-18,-73.96925,40.77898,2.0,18.0
2011-07-24,-73.96925,40.77898,5.8,29.0
2011-07-25,-73.96925,40.77898,5.5,55.0
2011-07-26,-73.96925,40.77898,4.666666666666667,14.0
2011-07-29,-73.96925,40.77898,3.4347826086956523,79.0
2011-07-31,-73.96925,40.77898,6.0,6.0
2011-08-01,-73.96925,40.77898,0.0,0.0
2011-08-03,-73.96925,40.77898,2.8214285714285716,79.0
2011-08-06,-73.96925,40.77898,6.090909090909091,67.0
2011-08-07,-73.96925,40.77898,3.9166666666666665,47.0
2011-08-09,-73.96925,40.77898,5.454545454545454,60.0
2011-08-13,-73.96925,40.77898,0.0,0.0
2011-08-14,-73.96925,40.77898,4.43956043956044,404.0
2011-08-15,-73.96925,40.77898,4.0,48.0
2011-08-16,-73.96925,40.77898,4.8,24.0
2011-08-18,-73.96925,40.77898,5.8,29.0
2011-08-19,-73.96925,40.77898,3.1818181818181817,35.0
2011-08-21,-73.96925,40.77898,3.8333333333333335,69.0
2011-08-25,-73.96925,40.77898,5.2105263157894735,99.0
2011-08-27,-73.96925,40.77898,9.914893617021276,466.0
2011-08-28,-73.96925,40.77898,14.325,573.0
2011-09-05,-73.96925,40.77898,3.0,3.0
2011-09-06,-73.96925,40.77898,7.386666666666667,554.0
2011-09-07,-73.96925,40.77898,10.478260869565217,482.0
2011-09-08,-73.96925,40.77898,3.8823529411764706,66.0
2011-09-10,-73.96925,40.77898,7.0,7.0
2011-09-11,-73.96925,40.77898,0.0,0.0
2011-09-15,-73.96925,40.77898,5.7,57.0
2011-09-20,-73.96925,40.77898,6.875,55.0
2011-09-21,-73.96925,40.77898,2.5,5.0
2011-09-22,-73.96925,40.77898,0.42857142857142855,3.0
2011-09-23,-73.96925,40.77898,4.4375,142.0
2011-09-28,-73.96925,40.77898,5.142857142857143,36.0
2011-09-29,-73.96925,40.77898,5.954545454545454,131.0
2011-09-30,-73.96925,40.77898,0.9333333333333333,14.0
2011-10-01,-73.96925,40.77898,4.588235294117647,78.0
2011-10-02,-73.96925,40.77898,4.333333333333333,39.0
2011-10-03,-73.96925,40.77898,2.0,6.0
2011-10-12,-73.96925,40.77898,11.714285714285714,164.0
2011-10-13,-73.96925,40.77898,7.052631578947368,134.0
2011-10-14,-73.96925,40.77898,4.466666666666667,67.0
2011-10-17,-73.96925,40.77898,6.5,13.0
2011-10-18,-73.96925,40.77898,3.0,3.0
2011-10-19,-73.96925,40.77898,12.291666666666666,295.0
2011-10-20,-73.96925,40.77898,7.0,7.0
2011-10-27,-73.96925,40.77898,6.382978723404255,300.0
2011-10-29,-73.96925,40.77898,8.853658536585366,363.0
2011-10-30,-73.96925,40.77898,5.0,15.0
2011-11-10,-73.96925,40.77898,6.0,18.0
2011-11-11,-73.96925,40.77898,7.5,15.0
2011-11-15,-73.96925,40.77898,5.25,21.0
2011-11-16,-73.96925,40.77898,2.806451612903226,87.0
2011-11-17,-73.96925,40.77898,5.6,56.0
2011-11-18,-73.96925,40.77898,7.0,28.0
2011-11-21,-73.96925,40.77898,3.0,24.0
2011-11-22,-73.96925,40.77898,7.870967741935484,244.0
2011-11-23,-73.96925,40.77898,5.96969696969697,197.0
2011-11-29,-73.96925,40.77898,8.92,223.0
2011-12-06,-73.96925,40.77898,6.285714285714286,132.0
2011-12-07,-73.96925,40.77898,4.507936507936508,284.0
2011-12-08,-73.96925,40.77898,11.166666666666666,67.0
2011-12-15,-73.96925,40.77898,13.5,27.0
2011-12-20,-73.96925,40.77898,1.5,6.0
2011-12-21,-73.96925,40.77898,9.636363636363637,106.0
2011-12-22,-73.96925,40.77898,3.0,6.0
2011-12-23,-73.96925,40.77898,3.388888888888889,61.0
2011-12-27,-73.96925,40.77898,11.238095238095237,236.0
2011-12-31,-73.96925,40.77898,4.5,9.0
2012-01-01,-73.96925,40.77898,7.5,30.0
2012-01-11,-73.96925,40.77898,10.4,52.0
2012-01-12,-73.96925,40.77898,11.794117647058824,401.0
2012-01-13,-73.96925,40.77898,7.833333333333333,94.0
2012-01-14,-73.96925,40.77898,9.0,9.0
2012-01-16,-73.96925,40.77898,8.0,32.0
2012-01-17,-73.96925,40.77898,7.35,147.0
2012-01-21,-73.96925,40.77898,10.942857142857143,383.0
2012-01-23,-73.96925,40.77898,7.206896551724138,209.0
2012-01-26,-73.96925,40.77898,5.434782608695652,125.0
2012-01-27,-73.96925,40.77898,6.95,139.0
2012-02-01,-73.96925,40.77898,8.666666666666666,26.0
2012-02-08,-73.96925,40.77898,1.8571428571428572,26.0
2012-02-09,-73.96925,40.77898,5.666666666666667,17.0
2012-02-11,-73.96925,40.77898,3.107142857142857,87.0
2012-02-12,-73.96925,40.77898,11.6,116.0
2012-02-14,-73.96925,40.77898,7.5,15.0
2012-02-15,-73.96925,40.77898,1.6,8.0
2012-02-16,-73.96925,40.77898,5.722222222222222,103.0
2012-02-17,-73.96925,40.77898,5.0,30.0
2012-02-18,-73.96925,40.77898,8.5,34.0
2012-02-24,-73.96925,40.77898,8.7,174.0
2012-02-29,-73.96925,40.77898,2.347826086956522,54.0
2012-03-01,-73.96925,40.77898,0.0,0.0
2012-03-02,-73.96925,40.77898,9.5,38.0
2012-03-03,-73.96925,40.77898,4.0,40.0
2012-03-09,-73.96925,40.77898,8.666666666666666,26.0
2012-03-13,-73.96925,40.77898,1.5,3.0
2012-03-16,-73.96925,40.77898,5.0,20.0
2012-03-24,-73.96925,40.77898,8.0,16.0
2012-03-25,-73.96925,40.77898,8.833333333333334,53.0
2012-03-28,-73.96925,40.77898,5.0,15.0
2012-03-30,-73.96925,40.77898,3.0,6.0
2012-03-31,-73.96925,40.77898,6.785714285714286,95.0
2012-04-01,-73.96925,40.77898,1.588235294117647,27.0
2012-04-02,-73.96925,40.77898,4.6,23.0
2012-04-10,-73.96925,40.77898,7.0,7.0
2012-04-11,-73.96925,40.77898,5.0,5.0
2012-04-14,-73.96925,40.77898,5.5,11.0
2012-04-15,-73.96925,40.77898,5.0,25.0
2012-04-18,-73.96925,40.77898,1.0,3.0
2012-04-19,-73.96925,40.77898,2.3333333333333335,7.0
2012-04-21,-73.96925,40.77898,11.5,46.0
2012-04-22,-73.96925,40.77898,10.133333333333333,304.0
2012-04-23,-73.96925,40.77898,7.266666666666667,109.0
2012-04-25,-73.96925,40.77898,0.0,0.0
2012-04-26,-73.96925,40.77898,4.166666666666667,25.0
2012-04-27,-73.96925,40.77898,6.0,18.0
2012-05-01,-73.96925,40.77898,4.785714285714286,67.0
2012-05-02,-73.96925,40.77898,5.5,77.0
2012-05-03,-73.96925,40.77898,2.857142857142857,40.0
2012-05-04,-73.96925,40.77898,2.75,22.0
2012-05-07,-73.96925,40.77898,6.0,12.0
2012-05-08,-73.96925,40.77898,4.166666666666667,25.0
2012-05-09,-73.96925,40.77898,3.1875,51.0
2012-05-10,-73.96925,40.77898,2.0,16.0
2012-05-14,-73.96925,40.77898,6.0,18.0
2012-05-15,-73.96925,40.77898,4.4,66.0
2012-05-16,-73.96925,40.77898,0.9,9.0
2012-05-21,-73.96925,40.77898,7.828571428571428,274.0
2012-05-22,-73.96925,40.77898,6.571428571428571,92.0
2012-05-23,-73.96925,40.77898,3.0,6.0
2012-05-24,-73.96925,40.77898,4.37037037037037,118.0
2012-05-25,-73.96925,40.77898,6.0,12.0
2012-05-26,-73.96925,40.77898,1.5,3.0
2012-05-27,-73.96925,40.77898,3.6,18.0
2012-05-29,-73.96925,40.77898,1.0,3.0
2012-05-30,-73.96925,40.77898,5.5,11.0
2012-06-01,-73.96925,40.77898,8.0,24.0
2012-06-02,-73.96925,40.77898,5.785714285714286,81.0
2012-06-03,-73.96925,40.77898,5.666666666666667,17.0
2012-06-04,-73.96925,40.77898,7.5,90.0
2012-06-05,-73.96925,40.77898,0.0,0.0
2012-06-06,-73.96925,40.77898,3.0,6.0
2012-06-07,-73.96925,40.77898,3.5,7.0
2012-06-09,-73.96925,40.77898,1.5,3.0
2012-06-10,-73.96925,40.77898,0.0,0.0
2012-06-12,-73.96925,40.77898,4.523809523809524,95.0
2012-06-13,-73.96925,40.77898,6.555555555555555,118.0
2012-06-22,-73.96925,40.77898,2.4166666666666665,29.0
2012-06-23,-73.96925,40.77898,3.0,3.0
2012-06-24,-73.96925,40.77898,4.0,8.0
2012-06-25,-73.96925,40.77898,3.1666666666666665,38.0
2012-06-29,-73.96925,40.77898,2.75,11.0
2012-07-04,-73.96925,40.77898,2.25,9.0
2012-07-07,-73.96925,40.77898,2.3333333333333335,21.0
2012-07-08,-73.96925,40.77898,2.0,14.0
2012-07-14,-73.96925,40.77898,3.0,3.0
2012-07-15,-73.96925,40.77898,5.25,42.0
2012-07-18,-73.96925,40.77898,5.230769230769231,68.0
2012-07-19,-73.96925,40.77898,2.5,5.0
2012-07-20,-73.96925,40.77898,8.257142857142858,289.0
2012-07-23,-73.96925,40.77898,5.444444444444445,49.0
2012-07-26,-73.96925,40.77898,6.733333333333333,101.0
2012-07-28,-73.96925,40.77898,4.333333333333333,78.0
2012-07-29,-73.96925,40.77898,3.0,6.0
2012-07-31,-73.96925,40.77898,2.4,12.0
2012-08-01,-73.96925,40.77898,2.0,62.0
2012-08-02,-73.96925,40.77898,2.652173913043478,61.0
2012-08-03,-73.96925,40.77898,3.5416666666666665,85.0
2012-08-04,-73.96925,40.77898,3.0952380952380953,65.0
2012-08-05,-73.96925,40.77898,6.230769230769231,162.0
2012-08-06,-73.96925,40.77898,3.590909090909091,79.0
2012-08-07,-73.96925,40.77898,1.875,45.0
2012-08-08,-73.96925,40.77898,1.0833333333333333,26.0
2012-08-09,-73.96925,40.77898,2.8636363636363638,63.0
2012-08-10,-73.96925,40.77898,4.222222222222222,114.0
2012-08-11,-73.96925,40.77898,4.565217391304348,105.0
2012-08-12,-73.96925,40.77898,4.708333333333333,113.0
2012-08-13,-73.96925,40.77898,4.304347826086956,99.0
2012-08-14,-73.96925,40.77898,2.2,44.0
2012-08-15,-73.96925,40.77898,3.342857142857143,117.0
2012-08-16,-73.96925,40.77898,3.4347826086956523,79.0
2012-08-17,-73.96925,40.77898,4.074074074074074,110.0
2012-08-18,-73.96925,40.77898,3.65625,117.0
2012-08-19,-73.96925,40.77898,1.25,30.0
2012-08-20,-73.96925,40.77898,1.125,27.0
2012-08-21,-73.96925,40.77898,3.25,78.0
2012-08-22,-73.96925,40.77898,1.9565217391304348,45.0
2012-08-23,-73.96925,40.77898,2.1363636363636362,47.0
2012-08-24,-73.96925,40.77898,1.9583333333333333,47.0
2012-08-25,-73.96925,40.77898,3.5217391304347827,81.0
2012-08-26,-73.96925,40.77898,4.695652173913044,108.0
2012-08-27,-73.96925,40.77898,4.185185185185185,113.0
2012-08-28,-73.96925,40.77898,6.115384615384615,159.0
2012-08-29,-73.96925,40.77898,4.541666666666667,109.0
2012-08-30,-73.96925,40.77898,3.590909090909091,79.0
2012-08-31,-73.96925,40.77898,4.636363636363637,102.0
2012-09-01,-73.96925,40.77898,5.045454545454546,111.0
2012-09-02,-73.96925,40.77898,2.7083333333333335,65.0
2012-09-03,-73.96925,40.77898,6.6521739130434785,153.0
2012-09-04,-73.96925,40.77898,3.9655172413793105,115.0
2012-09-05,-73.96925,40.77898,4.153846153846154,108.0
2012-09-06,-73.96925,40.77898,2.2916666666666665,55.0
2012-09-07,-73.96925,40.77898,2.9583333333333335,71.0
2012-09-08,-73.96925,40.77898,5.125,164.0
2012-09-09,-73.96925,40.77898,3.130434782608696,72.0
2012-09-10,-73.96925,40.77898,5.130434782608695,118.0
2012-09-11,-73.96925,40.77898,2.75,66.0
2012-09-12,-73.96925,40.77898,3.1818181818181817,70.0
2012-09-13,-73.96925,40.77898,2.4285714285714284,51.0
2012-09-14,-73.96925,40.77898,3.782608695652174,87.0
2012-09-15,-73.96925,40.77898,4.428571428571429,93.0
2012-09-16,-73.96925,40.77898,2.1363636363636362,47.0
2012-09-17,-73.96925,40.77898,2.9130434782608696,67.0
2012-09-18,-73.96925,40.77898,6.083333333333333,146.0
2012-09-19,-73.96925,40.77898,5.2,130.0
2012-09-20,-73.96925,40.77898,5.565217391304348,128.0
2012-09-21,-73.96925,40.77898,4.818181818181818,106.0
2012-09-22,-73.96925,40.77898,3.652173913043478,84.0
2012-09-23,-73.96925,40.77898,6.2272727272727275,137.0
2012-09-24,-73.96925,40.77898,4.083333333333333,98.0
2012-09-25,-73.96925,40.77898,6.2272727272727275,137.0
2012-09-26,-73.96925,40.77898,4.173913043478261,96.0
2012-09-27,-73.96925,40.77898,2.56,64.0
2012-09-28,-73.96925,40.77898,3.973684210526316,151.0
2012-09-29,-73.96925,40.77898,2.4583333333333335,59.0
2012-09-30,-73.96925,40.77898,2.8333333333333335,68.0
2012-10-01,-73.96925,40.77898,4.478260869565218,103.0
2012-10-02,-73.96925,40.77898,3.3823529411764706,115.0
2012-10-03,-73.96925,40.77898,1.4583333333333333,35.0
2012-10-04,-73.96925,40.77898,1.44,36.0
2012-10-05,-73.96925,40.77898,3.217391304347826,74.0
2012-10-06,-73.96925,40.77898,5.681818181818182,125.0
2012-10-07,-73.96925,40.77898,2.130434782608696,49.0
2012-10-08,-73.96925,40.77898,3.0,69.0
2012-10-09,-73.96925,40.77898,6.481481481481482,175.0
2012-10-10,-73.96925,40.77898,6.029411764705882,205.0
2012-10-11,-73.96925,40.77898,5.666666666666667,119.0
2012-10-12,-73.96925,40.77898,6.0,120.0
2012-10-13,-73.96925,40.77898,3.4545454545454546,76.0
2012-10-14,-73.96925,40.77898,6.238095238095238,131.0
2012-10-15,-73.96925,40.77898,5.285714285714286,148.0
2012-10-16,-73.96925,40.77898,5.478260869565218,126.0
2012-10-17,-73.96925,40.77898,1.8333333333333333,44.0
2012-10-18,-73.96925,40.77898,4.434782608695652,102.0
2012-10-19,-73.96925,40.77898,5.525,221.0
2012-10-20,-73.96925,40.77898,3.380952380952381,71.0
2012-10-21,-73.96925,40.77898,6.045454545454546,133.0
2012-10-22,-73.96925,40.77898,4.190476190476191,88.0
2012-10-23,-73.96925,40.77898,1.6666666666666667,10.0
2012-10-24,-73.96925,40.77898,5.24,131.0
2012-10-25,-73.96925,40.77898,3.125,75.0
2012-10-26,-73.96925,40.77898,1.4583333333333333,35.0
2012-10-27,-73.96925,40.77898,6.458333333333333,155.0
2012-10-28,-73.96925,40.77898,11.666666666666666,280.0
2012-10-29,-73.96925,40.77898,19.404761904761905,815.0
2012-10-30,-73.96925,40.77898,8.28125,265.0
2012-10-31,-73.96925,40.77898,4.8,120.0
2012-11-01,-73.96925,40.77898,5.904761904761905,124.0
2012-11-02,-73.96925,40.77898,6.6521739130434785,153.0
2012-11-03,-73.96925,40.77898,8.416666666666666,202.0
2012-11-04,-73.96925,40.77898,6.666666666666667,140.0
2012-11-05,-73.96925,40.77898,4.7727272727272725,105.0
2012-11-06,-73.96925,40.77898,5.625,135.0
2012-11-07,-73.96925,40.77898,10.5,378.0
2012-11-08,-73.96925,40.77898,7.2592592592592595,196.0
2012-11-09,-73.96925,40.77898,7.909090909090909,174.0
2012-11-10,-73.96925,40.77898,1.5,36.0
2012-11-11,-73.96925,40.77898,2.5,55.0
2012-11-12,-73.96925,40.77898,4.363636363636363,96.0
2012-11-13,-73.96925,40.77898,6.1,183.0
2012-11-14,-73.96925,40.77898,6.478260869565218,149.0
2012-11-15,-73.96925,40.77898,4.916666666666667,118.0
2012-11-16,-73.96925,40.77898,5.130434782608695,118.0
2012-11-17,-73.96925,40.77898,5.208333333333333,125.0
2012-11-18,-73.96925,40.77898,6.375,153.0
2012-11-19,-73.96925,40.77898,5.666666666666667,136.0
2012-11-20,-73.96925,40.77898,4.083333333333333,98.0
2012-11-21,-73.96925,40.77898,4.458333333333333,107.0
2012-11-22,-73.96925,40.77898,2.5416666666666665,61.0
2012-11-23,-73.96925,40.77898,5.086956521739131,117.0
2012-11-24,-73.96925,40.77898,10.136363636363637,223.0
2012-11-25,-73.96925,40.77898,6.818181818181818,150.0
2012-11-26,-73.96925,40.77898,5.391304347826087,124.0
2012-11-27,-73.96925,40.77898,6.205882352941177,211.0
2012-11-28,-73.96925,40.77898,5.571428571428571,117.0
2012-11-29,-73.96925,40.77898,6.6521739130434785,153.0
2012-11-30,-73.96925,40.77898,5.666666666666667,136.0
2012-12-01,-73.96925,40.77898,8.875,213.0
2012-12-02,-73.96925,40.77898,2.9565217391304346,68.0
2012-12-03,-73.96925,40.77898,3.761904761904762,79.0
2012-12-04,-73.96925,40.77898,2.78125,89.0
2012-12-05,-73.96925,40.77898,7.8,195.0
2012-12-06,-73.96925,40.77898,3.227272727272727,71.0
2012-12-07,-73.96925,40.77898,2.212121212121212,73.0
2012-12-08,-73.96925,40.77898,2.870967741935484,89.0
2012-12-09,-73.96925,40.77898,7.0,231.0
2012-12-10,-73.96925,40.77898,3.5714285714285716,100.0
2012-12-11,-73.96925,40.77898,5.791666666666667,139.0
2012-12-12,-73.96925,40.77898,3.25,78.0
2012-12-13,-73.96925,40.77898,1.4782608695652173,34.0
2012-12-14,-73.96925,40.77898,5.25,105.0
2012-12-15,-73.96925,40.77898,3.7916666666666665,91.0
2012-12-16,-73.96925,40.77898,9.621621621621621,356.0
2012-12-17,-73.96925,40.77898,9.5,266.0
2012-12-18,-73.96925,40.77898,7.676470588235294,261.0
2012-12-19,-73.96925,40.77898,9.227272727272727,203.0
2012-12-20,-73.96925,40.77898,5.44,136.0
2012-12-21,-73.96925,40.77898,11.285714285714286,316.0
2012-12-22,-73.96925,40.77898,12.041666666666666,289.0
2012-12-23,-73.96925,40.77898,6.956521739130435,160.0
2012-12-24,-73.96925,40.77898,3.566666666666667,107.0
2012-12-25,-73.96925,40.77898,5.774193548387097,179.0
2012-12-26,-73.96925,40.77898,15.738095238095237,661.0
2012-12-27,-73.96925,40.77898,13.806451612903226,428.0
2012-12-28,-73.96925,40.77898,7.380952380952381,155.0
2012-12-29,-73.96925,40.77898,6.7317073170731705,276.0
2012-12-30,-73.96925,40.77898,11.347826086956522,261.0
2012-12-31,-73.96925,40.77898,7.523809523809524,158.0
2013-01-01,-73.96925,40.77898,7.0,161.0
2013-01-02,-73.96925,40.77898,5.809523809523809,122.0
2013-01-03,-73.96925,40.77898,4.5,99.0
2013-01-04,-73.96925,40.77898,7.956521739130435,183.0
2013-01-05,-73.96925,40.77898,6.625,159.0
2013-01-06,-73.96925,40.77898,6.7272727272727275,148.0
2013-01-07,-73.96925,40.77898,5.363636363636363,118.0
2013-01-08,-73.96925,40.77898,6.521739130434782,150.0
2013-01-09,-73.96925,40.77898,4.095238095238095,86.0
2013-01-10,-73.96925,40.77898,6.666666666666667,160.0
2013-01-11,-73.96925,40.77898,4.515151515151516,149.0
2013-01-12,-73.96925,40.77898,3.8461538461538463,100.0
2013-01-13,-73.96925,40.77898,2.6666666666666665,64.0
2013-01-14,-73.96925,40.77898,6.1,61.0
2013-01-15,-73.96925,40.77898,6.956521739130435,160.0
2013-01-16,-73.96925,40.77898,4.8125,154.0
2013-01-17,-73.96925,40.77898,5.666666666666667,136.0
2013-01-18,-73.96925,40.77898,6.545454545454546,144.0
2013-01-19,-73.96925,40.77898,9.772727272727273,215.0
2013-01-20,-73.96925,40.77898,10.666666666666666,256.0
2013-01-21,-73.96925,40.77898,5.217391304347826,120.0
2013-01-22,-73.96925,40.77898,10.391304347826088,239.0
2013-01-23,-73.96925,40.77898,7.826086956521739,180.0
2013-01-24,-73.96925,40.77898,8.375,201.0
2013-01-25,-73.96925,40.77898,6.228571428571429,218.0
2013-01-26,-73.96925,40.77898,6.809523809523809,143.0
2013-01-27,-73.96925,40.77898,5.791666666666667,139.0
2013-01-28,-73.96925,40.77898,5.464285714285714,153.0
2013-01-29,-73.96925,40.77898,3.88,97.0
2013-01-30,-73.96925,40.77898,5.2,130.0
2013-01-31,-73.96925,40.77898,12.387096774193548,384.0
2013-02-01,-73.96925,40.77898,8.65,173.0
2013-02-02,-73.96925,40.77898,5.464285714285714,153.0
2013-02-03,-73.96925,40.77898,3.1923076923076925,83.0
2013-02-04,-73.96925,40.77898,7.285714285714286,153.0
2013-02-05,-73.96925,40.77898,4.655172413793103,135.0
2013-02-06,-73.96925,40.77898,4.636363636363637,102.0
2013-02-07,-73.96925,40.77898,6.125,147.0
2013-02-08,-73.96925,40.77898,13.53191489361702,636.0
2013-02-09,-73.96925,40.77898,8.178571428571429,229.0
2013-02-10,-73.96925,40.77898,3.0833333333333335,74.0
2013-02-11,-73.96925,40.77898,3.393939393939394,112.0
2013-02-12,-73.96925,40.77898,8.545454545454545,188.0
2013-02-13,-73.96925,40.77898,3.857142857142857,108.0
2013-02-14,-73.96925,40.77898,4.2,105.0
2013-02-15,-73.96925,40.77898,6.125,147.0
2013-02-16,-73.96925,40.77898,7.076923076923077,184.0
2013-02-17,-73.96925,40.77898,12.318181818181818,271.0
2013-02-18,-73.96925,40.77898,8.130434782608695,187.0
2013-02-19,-73.96925,40.77898,6.464285714285714,181.0
2013-02-20,-73.96925,40.77898,11.91304347826087,274.0
2013-02-21,-73.96925,40.77898,10.0,210.0
2013-02-22,-73.96925,40.77898,7.0,161.0
2013-02-23,-73.96925,40.77898,8.964285714285714,251.0
2013-02-24,-73.96925,40.77898,6.666666666666667,160.0
2013-02-25,-73.96925,40.77898,4.739130434782608,109.0
2013-02-26,-73.96925,40.77898,8.04,201.0
2013-02-27,-73.96925,40.77898,13.211538461538462,687.0
2013-02-28,-73.96925,40.77898,4.5,108.0
2013-03-01,-73.96925,40.77898,5.217391304347826,120.0
2013-03-02,-73.96925,40.77898,7.68,192.0
2013-03-03,-73.96925,40.77898,7.541666666666667,181.0
2013-03-04,-73.96925,40.77898,10.130434782608695,233.0
2013-03-05,-73.96925,40.77898,7.130434782608695,164.0
2013-03-06,-73.96925,40.77898,15.541666666666666,373.0
2013-03-07,-73.96925,40.77898,9.31578947368421,354.0
2013-03-08,-73.96925,40.77898,6.871794871794871,268.0
2013-03-09,-73.96925,40.77898,6.208333333333333,149.0
2013-03-10,-73.96925,40.77898,4.782608695652174,110.0
2013-03-11,-73.96925,40.77898,6.545454545454546,144.0
2013-03-12,-73.96925,40.77898,9.108108108108109,337.0
2013-03-13,-73.96925,40.77898,6.391304347826087,147.0
2013-03-14,-73.96925,40.77898,11.416666666666666,274.0
2013-03-15,-73.96925,40.77898,7.954545454545454,175.0
2013-03-16,-73.96925,40.77898,3.7555555555555555,169.0
2013-03-17,-73.96925,40.77898,6.0476190476190474,127.0
2013-03-18,-73.96925,40.77898,9.375,300.0
2013-03-19,-73.96925,40.77898,9.076923076923077,236.0
2013-03-20,-73.96925,40.77898,7.761904761904762,163.0
2013-03-21,-73.96925,40.77898,6.409090909090909,141.0
2013-03-22,-73.96925,40.77898,8.818181818181818,194.0
2013-03-23,-73.96925,40.77898,9.565217391304348,220.0
2013-03-24,-73.96925,40.77898,5.125,123.0
2013-03-25,-73.96925,40.77898,7.838709677419355,243.0
2013-03-26,-73.96925,40.77898,4.6521739130434785,107.0
2013-03-27,-73.96925,40.77898,5.7368421052631575,109.0
2013-03-28,-73.96925,40.77898,5.954545454545454,131.0
2013-03-29,-73.96925,40.77898,5.541666666666667,133.0
2013-03-30,-73.96925,40.77898,4.25,102.0
2013-03-31,-73.96925,40.77898,5.769230769230769,150.0
2013-04-01,-73.96925,40.77898,6.55,131.0
2013-04-02,-73.96925,40.77898,9.619047619047619,202.0
2013-04-03,-73.96925,40.77898,10.791666666666666,259.0
2013-04-04,-73.96925,40.77898,5.954545454545454,131.0
2013-04-05,-73.96925,40.77898,5.5,121.0
2013-04-06,-73.96925,40.77898,5.909090909090909,130.0
2013-04-07,-73.96925,40.77898,7.478260869565218,172.0
2013-04-08,-73.96925,40.77898,4.217391304347826,97.0
2013-04-09,-73.96925,40.77898,4.791666666666667,115.0
2013-04-10,-73.96925,40.77898,4.413793103448276,128.0
2013-04-11,-73.96925,40.77898,6.166666666666667,148.0
2013-04-12,-73.96925,40.77898,11.083333333333334,399.0
2013-04-13,-73.96925,40.77898,2.92,73.0
2013-04-14,-73.96925,40.77898,5.684210526315789,108.0
2013-04-15,-73.96925,40.77898,5.809523809523809,122.0
2013-04-16,-73.96925,40.77898,6.416666666666667,154.0
2013-04-17,-73.96925,40.77898,5.391304347826087,124.0
2013-04-18,-73.96925,40.77898,6.28,157.0
2013-04-19,-73.96925,40.77898,7.115384615384615,185.0
2013-04-20,-73.96925,40.77898,8.36,209.0
2013-04-21,-73.96925,40.77898,5.0,120.0
2013-04-22,-73.96925,40.77898,9.625,231.0
2013-04-23,-73.96925,40.77898,8.75,210.0
2013-04-24,-73.96925,40.77898,4.833333333333333,116.0
2013-04-25,-73.96925,40.77898,5.260869565217392,121.0
2013-04-26,-73.96925,40.77898,3.3043478260869565,76.0
2013-04-27,-73.96925,40.77898,4.708333333333333,113.0
2013-04-28,-73.96925,40.77898,4.291666666666667,103.0
2013-04-29,-73.96925,40.77898,5.15,103.0
2013-04-30,-73.96925,40.77898,5.2272727272727275,115.0
2013-05-01,-73.96925,40.77898,4.590909090909091,101.0
2013-05-02,-73.96925,40.77898,3.4782608695652173,80.0
2013-05-03,-73.96925,40.77898,6.391304347826087,147.0
2013-05-04,-73.96925,40.77898,5.75,138.0
2013-05-05,-73.96925,40.77898,5.666666666666667,119.0
2013-05-06,-73.96925,40.77898,3.5217391304347827,81.0
2013-05-07,-73.96925,40.77898,5.6521739130434785,130.0
2013-05-08,-73.96925,40.77898,5.762711864406779,340.0
2013-05-09,-73.96925,40.77898,3.388888888888889,122.0
2013-05-10,-73.96925,40.77898,3.6956521739130435,85.0
2013-05-11,-73.96925,40.77898,3.5,112.0
2013-05-12,-73.96925,40.77898,7.666666666666667,184.0
2013-05-13,-73.96925,40.77898,7.090909090909091,156.0
2013-05-14,-73.96925,40.77898,4.391304347826087,101.0
2013-05-15,-73.96925,40.77898,4.125,33.0
2013-05-16,-73.96925,40.77898,3.5652173913043477,82.0
2013-05-17,-73.96925,40.77898,3.608695652173913,83.0
2013-05-18,-73.96925,40.77898,2.0454545454545454,45.0
2013-05-19,-73.96925,40.77898,4.7317073170731705,194.0
2013-05-20,-73.96925,40.77898,1.5,33.0
2013-05-21,-73.96925,40.77898,5.285714285714286,111.0
2013-05-22,-73.96925,40.77898,3.347826086956522,77.0
2013-05-23,-73.96925,40.77898,4.825,193.0
2013-05-24,-73.96925,40.77898,5.342105263157895,203.0
2013-05-25,-73.96925,40.77898,9.206896551724139,267.0
2013-05-26,-73.96925,40.77898,8.26086956521739,190.0
2013-05-27,-73.96925,40.77898,3.909090909090909,86.0
2013-05-28,-73.96925,40.77898,2.84375,91.0
2013-05-29,-73.96925,40.77898,1.35,27.0
2013-05-30,-73.96925,40.77898,5.130434782608695,118.0
2013-05-31,-73.96925,40.77898,3.0,45.0
2013-06-01,-73.96925,40.77898,3.75,75.0
2013-06-02,-73.96925,40.77898,6.884615384615385,179.0
2013-06-03,-73.96925,40.77898,3.0,120.0
2013-06-04,-73.96925,40.77898,5.0,95.0
2013-06-05,-73.96925,40.77898,3.909090909090909,86.0
2013-06-06,-73.96925,40.77898,5.333333333333333,128.0
2013-06-07,-73.96925,40.77898,9.38888888888889,676.0
2013-06-08,-73.96925,40.77898,4.423076923076923,115.0
2013-06-09,-73.96925,40.77898,2.1363636363636362,47.0
2013-06-10,-73.96925,40.77898,6.196428571428571,347.0
2013-06-11,-73.96925,40.77898,5.518518518518518,149.0
2013-06-12,-73.96925,40.77898,5.363636363636363,118.0
2013-06-13,-73.96925,40.77898,7.527777777777778,271.0
2013-06-14,-73.96925,40.77898,6.333333333333333,209.0
2013-06-15,-73.96925,40.77898,3.8181818181818183,84.0
2013-06-16,-73.96925,40.77898,3.9047619047619047,82.0
2013-06-17,-73.96925,40.77898,2.9130434782608696,67.0
2013-06-18,-73.96925,40.77898,3.324324324324324,123.0
2013-06-19,-73.96925,40.77898,5.125,123.0
2013-06-20,-73.96925,40.77898,3.9523809523809526,83.0
2013-06-21,-73.96925,40.77898,5.045454545454546,111.0
2013-06-22,-73.96925,40.77898,4.136363636363637,91.0
2013-06-23,-73.96925,40.77898,4.666666666666667,98.0
2013-06-24,-73.96925,40.77898,4.130434782608695,95.0
2013-06-25,-73.96925,40.77898,3.3636363636363638,74.0
2013-06-26,-73.96925,40.77898,3.9130434782608696,90.0
2013-06-27,-73.96925,40.77898,4.392857142857143,123.0
2013-06-28,-73.96925,40.77898,5.2727272727272725,116.0
2013-06-29,-73.96925,40.77898,3.9545454545454546,87.0
2013-06-30,-73.96925,40.77898,3.3333333333333335,80.0
2013-07-01,-73.96925,40.77898,3.95,158.0
2013-07-02,-73.96925,40.77898,2.5652173913043477,59.0
2013-07-03,-73.96925,40.77898,3.6,108.0
2013-07-04,-73.96925,40.77898,4.111111111111111,74.0
2013-07-05,-73.96925,40.77898,4.863636363636363,107.0
2013-07-06,-73.96925,40.77898,4.3478260869565215,100.0
2013-07-07,-73.96925,40.77898,4.2272727272727275,93.0
2013-07-08,-73.96925,40.77898,4.56,114.0
2013-07-09,-73.96925,40.77898,3.814814814814815,103.0
2013-07-10,-73.96925,40.77898,4.454545454545454,98.0
2013-07-11,-73.96925,40.77898,3.6956521739130435,85.0
2013-07-12,-73.96925,40.77898,9.472222222222221,341.0
2013-07-13,-73.96925,40.77898,5.4375,174.0
2013-07-14,-73.96925,40.77898,4.041666666666667,97.0
2013-07-15,-73.96925,40.77898,3.4583333333333335,83.0
2013-07-16,-73.96925,40.77898,4.666666666666667,112.0
2013-07-17,-73.96925,40.77898,3.4347826086956523,79.0
2013-07-18,-73.96925,40.77898,3.9130434782608696,90.0
2013-07-19,-73.96925,40.77898,5.055555555555555,91.0
2013-07-20,-73.96925,40.77898,5.65,113.0
2013-07-21,-73.96925,40.77898,4.666666666666667,112.0
2013-07-22,-73.96925,40.77898,4.766666666666667,143.0
2013-07-23,-73.96925,40.77898,3.8823529411764706,132.0
2013-07-24,-73.96925,40.77898,4.454545454545454,98.0
2013-07-25,-73.96925,40.77898,8.916666666666666,214.0
2013-07-26,-73.96925,40.77898,5.318181818181818,117.0
2013-07-27,-73.96925,40.77898,3.4347826086956523,79.0
2013-07-28,-73.96925,40.77898,2.4,60.0
2013-07-29,-73.96925,40.77898,3.6956521739130435,85.0
2013-07-30,-73.96925,40.77898,3.9583333333333335,95.0
2013-07-31,-73.96925,40.77898,2.75,66.0
2013-08-01,-73.96925,40.77898,3.1666666666666665,133.0
2013-08-02,-73.96925,40.77898,4.476190476190476,94.0
2013-08-03,-73.96925,40.77898,3.764705882352941,64.0
2013-08-04,-73.96925,40.77898,5.173913043478261,119.0
2013-08-05,-73.96925,40.77898,3.375,81.0
2013-08-06,-73.96925,40.77898,2.6363636363636362,58.0
2013-08-07,-73.96925,40.77898,5.35,107.0
2013-08-08,-73.96925,40.77898,4.529411764705882,154.0
2013-08-09,-73.96925,40.77898,4.217391304347826,97.0
2013-08-10,-73.96925,40.77898,4.666666666666667,84.0
2013-08-11,-73.96925,40.77898,2.4347826086956523,56.0
2013-08-12,-73.96925,40.77898,1.8846153846153846,49.0
2013-08-13,-73.96925,40.77898,2.65625,85.0
2013-08-14,-73.96925,40.77898,6.083333333333333,146.0
2013-08-15,-73.96925,40.77898,3.5,77.0
2013-08-16,-73.96925,40.77898,1.8333333333333333,44.0
2013-08-17,-73.96925,40.77898,1.9166666666666667,46.0
2013-08-18,-73.96925,40.77898,2.9166666666666665,70.0
2013-08-19,-73.96925,40.77898,3.391304347826087,78.0
2013-08-20,-73.96925,40.77898,2.875,69.0
2013-08-21,-73.96925,40.77898,2.347826086956522,54.0
2013-08-22,-73.96925,40.77898,3.6666666666666665,132.0
2013-08-23,-73.96925,40.77898,5.541666666666667,133.0
2013-08-24,-73.96925,40.77898,4.869565217391305,112.0
2013-08-25,-73.96925,40.77898,4.045454545454546,89.0
2013-08-26,-73.96925,40.77898,5.8,116.0
2013-08-27,-73.96925,40.77898,4.695652173913044,108.0
2013-08-28,-73.96925,40.77898,2.5454545454545454,84.0
2013-08-29,-73.96925,40.77898,4.928571428571429,138.0
2013-08-30,-73.96925,40.77898,4.315789473684211,82.0
2013-08-31,-73.96925,40.77898,4.904761904761905,103.0
2013-09-01,-73.96925,40.77898,2.4545454545454546,54.0
2013-09-02,-73.96925,40.77898,1.0714285714285714,30.0
2013-09-03,-73.96925,40.77898,3.111111111111111,84.0
2013-09-04,-73.96925,40.77898,5.5,121.0
2013-09-05,-73.96925,40.77898,5.608695652173913,129.0
2013-09-06,-73.96925,40.77898,3.608695652173913,83.0
2013-09-07,-73.96925,40.77898,3.5,84.0
2013-09-08,-73.96925,40.77898,6.363636363636363,140.0
2013-09-09,-73.96925,40.77898,4.2727272727272725,94.0
2013-09-10,-73.96925,40.77898,5.818181818181818,128.0
2013-09-11,-73.96925,40.77898,4.5,99.0
2013-09-12,-73.96925,40.77898,4.448275862068965,129.0
2013-09-13,-73.96925,40.77898,5.0,105.0
2013-09-14,-73.96925,40.77898,4.695652173913044,108.0
2013-09-15,-73.96925,40.77898,3.9130434782608696,90.0
2013-09-16,-73.96925,40.77898,4.608695652173913,106.0
2013-09-17,-73.96925,40.77898,4.565217391304348,105.0
2013-09-18,-73.96925,40.77898,2.5652173913043477,59.0
2013-09-19,-73.96925,40.77898,2.4347826086956523,56.0
2013-09-20,-73.96925,40.77898,3.217391304347826,74.0
2013-09-21,-73.96925,40.77898,4.392857142857143,123.0
2013-09-22,-73.96925,40.77898,5.096774193548387,158.0
2013-09-23,-73.96925,40.77898,4.0476190476190474,85.0
2013-09-24,-73.96925,40.77898,4.043478260869565,93.0
2013-09-25,-73.96925,40.77898,1.7916666666666667,43.0
2013-09-26,-73.96925,40.77898,3.4583333333333335,83.0
2013-09-27,-73.96925,40.77898,4.565217391304348,105.0
2013-09-28,-73.96925,40.77898,4.458333333333333,107.0
2013-09-29,-73.96925,40.77898,2.875,69.0
2013-09-30,-73.96925,40.77898,3.25,78.0
2013-10-01,-73.96925,40.77898,2.0416666666666665,49.0
2013-10-02,-73.96925,40.77898,4.083333333333333,98.0
2013-10-03,-73.96925,40.77898,1.4583333333333333,35.0
2013-10-04,-73.96925,40.77898,2.875,69.0
2013-10-05,-73.96925,40.77898,3.5217391304347827,81.0
2013-10-06,-73.96925,40.77898,5.75,138.0
2013-10-07,-73.96925,40.77898,6.064516129032258,188.0
2013-10-08,-73.96925,40.77898,6.043478260869565,139.0
2013-10-09,-73.96925,40.77898,8.375,201.0
2013-10-10,-73.96925,40.77898,9.04,226.0
2013-10-11,-73.96925,40.77898,9.214285714285714,258.0
2013-10-12,-73.96925,40.77898,11.083333333333334,266.0
2013-10-13,-73.96925,40.77898,8.478260869565217,195.0
2013-10-14,-73.96925,40.77898,2.2083333333333335,53.0
2013-10-15,-73.96925,40.77898,2.7083333333333335,65.0
2013-10-16,-73.96925,40.77898,3.1666666666666665,76.0
2013-10-17,-73.96925,40.77898,2.5,50.0
2013-10-18,-73.96925,40.77898,6.7727272727272725,149.0
2013-10-19,-73.96925,40.77898,3.4761904761904763,73.0
2013-10-20,-73.96925,40.77898,5.5,132.0
2013-10-21,-73.96925,40.77898,3.9523809523809526,83.0
2013-10-22,-73.96925,40.77898,4.571428571428571,96.0
2013-10-23,-73.96925,40.77898,4.428571428571429,93.0
2013-10-24,-73.96925,40.77898,6.7,134.0
2013-10-25,-73.96925,40.77898,5.090909090909091,112.0
2013-10-26,-73.96925,40.77898,6.411764705882353,109.0
2013-10-27,-73.96925,40.77898,5.190476190476191,109.0
2013-10-28,-73.96925,40.77898,4.3478260869565215,100.0
2013-10-29,-73.96925,40.77898,5.125,123.0
2013-10-30,-73.96925,40.77898,2.0833333333333335,50.0
2013-10-31,-73.96925,40.77898,3.2,80.0
2013-11-01,-73.96925,40.77898,6.04,151.0
2013-11-02,-73.96925,40.77898,3.8181818181818183,84.0
2013-11-03,-73.96925,40.77898,6.318181818181818,139.0
2013-11-04,-73.96925,40.77898,6.5,156.0
2013-11-05,-73.96925,40.77898,4.181818181818182,92.0
2013-11-06,-73.96925,40.77898,3.5,77.0
2013-11-07,-73.96925,40.77898,6.533333333333333,196.0
2013-11-08,-73.96925,40.77898,8.652173913043478,199.0
2013-11-09,-73.96925,40.77898,5.043478260869565,116.0
2013-11-10,-73.96925,40.77898,7.739130434782608,178.0
2013-11-11,-73.96925,40.77898,6.5,130.0
2013-11-12,-73.96925,40.77898,6.56,164.0
2013-11-13,-73.96925,40.77898,6.0,138.0
2013-11-14,-73.96925,40.77898,8.095238095238095,170.0
2013-11-15,-73.96925,40.77898,4.565217391304348,105.0
2013-11-16,-73.96925,40.77898,2.5416666666666665,61.0
2013-11-17,-73.96925,40.77898,3.3448275862068964,97.0
2013-11-18,-73.96925,40.77898,7.354838709677419,228.0
2013-11-19,-73.96925,40.77898,9.25,185.0
2013-11-20,-73.96925,40.77898,6.913043478260869,159.0
2013-11-21,-73.96925,40.77898,4.913043478260869,113.0
2013-11-22,-73.96925,40.77898,6.380952380952381,134.0
2013-11-23,-73.96925,40.77898,9.041666666666666,217.0
2013-11-24,-73.96925,40.77898,12.083333333333334,290.0
2013-11-25,-73.96925,40.77898,5.9523809523809526,125.0
2013-11-26,-73.96925,40.77898,4.866666666666666,146.0
2013-11-27,-73.96925,40.77898,9.03921568627451,461.0
2013-11-28,-73.96925,40.77898,7.130434782608695,164.0
2013-11-29,-73.96925,40.77898,3.8260869565217392,88.0
2013-11-30,-73.96925,40.77898,5.208333333333333,125.0
2013-12-01,-73.96925,40.77898,1.75,42.0
2013-12-02,-73.96925,40.77898,2.9166666666666665,70.0
2013-12-03,-73.96925,40.77898,3.0,72.0
2013-12-04,-73.96925,40.77898,2.6666666666666665,64.0
2013-12-05,-73.96925,40.77898,2.48,62.0
2013-12-06,-73.96925,40.77898,6.7894736842105265,258.0
2013-12-07,-73.96925,40.77898,6.2,155.0
2013-12-08,-73.96925,40.77898,6.3125,202.0
2013-12-09,-73.96925,40.77898,7.428571428571429,260.0
2013-12-10,-73.96925,40.77898,5.4,216.0
2013-12-11,-73.96925,40.77898,7.523809523809524,158.0
2013-12-12,-73.96925,40.77898,7.363636363636363,162.0
2013-12-13,-73.96925,40.77898,5.545454545454546,122.0
2013-12-14,-73.96925,40.77898,10.78,539.0
2013-12-15,-73.96925,40.77898,9.448275862068966,274.0
2013-12-16,-73.96925,40.77898,7.695652173913044,177.0
2013-12-17,-73.96925,40.77898,6.291666666666667,302.0
2013-12-18,-73.96925,40.77898,6.565217391304348,151.0
2013-12-19,-73.96925,40.77898,5.086956521739131,117.0
2013-12-20,-73.96925,40.77898,5.043478260869565,116.0
2013-12-21,-73.96925,40.77898,7.863636363636363,173.0
2013-12-22,-73.96925,40.77898,5.375,129.0
2013-12-23,-73.96925,40.77898,4.85,194.0
2013-12-24,-73.96925,40.77898,8.19047619047619,172.0
2013-12-25,-73.96925,40.77898,4.521739130434782,104.0
2013-12-26,-73.96925,40.77898,5.454545454545454,120.0
2013-12-27,-73.96925,40.77898,5.842105263157895,111.0
2013-12-28,-73.96925,40.77898,7.090909090909091,156.0
2013-12-29,-73.96925,40.77898,7.55,302.0
2013-12-30,-73.96925,40.77898,6.409090909090909,141.0
2013-12-31,-73.96925,40.77898,5.708333333333333,137.0
2014-01-01,-73.96925,40.77898,5.541666666666667,133.0
2014-01-02,-73.96925,40.77898,12.25925925925926,331.0
2014-01-03,-73.96925,40.77898,10.478260869565217,241.0
2014-01-04,-73.96925,40.77898,4.291666666666667,103.0
2014-01-05,-73.96925,40.77898,3.1578947368421053,120.0
2014-01-06,-73.96925,40.77898,8.5,170.0
2014-01-07,-73.96925,40.77898,13.083333333333334,314.0
2014-01-08,-73.96925,40.77898,7.2272727272727275,159.0
2014-01-09,-73.96925,40.77898,2.8636363636363638,63.0
2014-01-10,-73.96925,40.77898,3.4166666666666665,123.0
2014-01-11,-73.96925,40.77898,6.589743589743589,257.0
2014-01-12,-73.96925,40.77898,8.25925925925926,223.0
2014-01-14,-73.96925,40.77898,4.3076923076923075,56.0
2014-01-25,-73.96925,40.77898,6.25,25.0
2014-01-29,-73.96925,40.77898,6.333333333333333,38.0
2014-01-31,-73.96925,40.77898,5.0,115.0
2014-02-01,-73.96925,40.77898,3.5714285714285716,75.0
2014-02-02,-73.96925,40.77898,3.0833333333333335,74.0
2014-02-03,-73.96925,40.77898,6.625,159.0
2014-02-04,-73.96925,40.77898,2.3333333333333335,56.0
2014-02-05,-73.96925,40.77898,7.416666666666667,178.0
2014-02-06,-73.96925,40.77898,5.266666666666667,79.0
2014-02-07,-73.96925,40.77898,6.818181818181818,150.0
2014-02-08,-73.96925,40.77898,5.0,110.0
2014-02-09,-73.96925,40.77898,3.6666666666666665,132.0
2014-02-10,-73.96925,40.77898,7.2272727272727275,159.0
2014-02-11,-73.96925,40.77898,5.2631578947368425,100.0
2014-02-12,-73.96925,40.77898,6.083333333333333,146.0
2014-02-13,-73.96925,40.77898,12.25,588.0
2014-02-14,-73.96925,40.77898,10.483870967741936,325.0
2014-02-15,-73.96925,40.77898,9.194444444444445,331.0
2014-02-16,-73.96925,40.77898,8.875,213.0
2014-02-17,-73.96925,40.77898,5.304347826086956,122.0
2014-02-18,-73.96925,40.77898,4.733333333333333,142.0
2014-02-19,-73.96925,40.77898,4.777777777777778,129.0
2014-02-20,-73.96925,40.77898,4.884615384615385,127.0
2014-02-21,-73.96925,40.77898,6.615384615384615,172.0
2014-02-22,-73.96925,40.77898,7.315789473684211,139.0
2014-02-23,-73.96925,40.77898,5.375,129.0
2014-02-24,-73.96925,40.77898,9.26086956521739,213.0
2014-02-25,-73.96925,40.77898,7.0,161.0
2014-02-26,-73.96925,40.77898,5.0,135.0
2014-02-27,-73.96925,40.77898,8.333333333333334,200.0
2014-02-28,-73.96925,40.77898,4.608695652173913,106.0
2014-03-01,-73.96925,40.77898,4.416666666666667,106.0
2014-03-02,-73.96925,40.77898,3.772727272727273,83.0
2014-03-03,-73.96925,40.77898,7.28,182.0
2014-03-04,-73.96925,40.77898,4.608695652173913,106.0
2014-03-05,-73.96925,40.77898,4.958333333333333,119.0
2014-03-06,-73.96925,40.77898,8.428571428571429,177.0
2014-03-07,-73.96925,40.77898,7.833333333333333,188.0
2014-03-08,-73.96925,40.77898,5.958333333333333,143.0
2014-03-09,-73.96925,40.77898,6.2727272727272725,138.0
2014-03-10,-73.96925,40.77898,5.416666666666667,130.0
2014-03-11,-73.96925,40.77898,4.739130434782608,109.0
2014-03-12,-73.96925,40.77898,5.487179487179487,214.0
2014-03-13,-73.96925,40.77898,14.130434782608695,325.0
2014-03-14,-73.96925,40.77898,5.541666666666667,133.0
2014-03-15,-73.96925,40.77898,8.909090909090908,196.0
2014-03-16,-73.96925,40.77898,7.619047619047619,160.0
2014-03-17,-73.96925,40.77898,8.043478260869565,185.0
2014-03-18,-73.96925,40.77898,7.083333333333333,170.0
2014-03-19,-73.96925,40.77898,7.05,282.0
2014-03-20,-73.96925,40.77898,8.0,192.0
2014-03-21,-73.96925,40.77898,7.476190476190476,157.0
2014-03-22,-73.96925,40.77898,6.916666666666667,166.0
2014-03-23,-73.96925,40.77898,7.3,146.0
2014-03-24,-73.96925,40.77898,6.6521739130434785,153.0
2014-03-25,-73.96925,40.77898,5.875,141.0
2014-03-26,-73.96925,40.77898,11.954545454545455,263.0
2014-03-27,-73.96925,40.77898,6.739130434782608,155.0
2014-03-28,-73.96925,40.77898,5.35,107.0
2014-03-29,-73.96925,40.77898,11.948717948717949,466.0
2014-03-30,-73.96925,40.77898,9.857142857142858,276.0
2014-03-31,-73.96925,40.77898,8.814814814814815,238.0
2014-04-01,-73.96925,40.77898,4.875,117.0
2014-04-02,-73.96925,40.77898,1.875,45.0
2014-04-03,-73.96925,40.77898,3.7916666666666665,91.0
2014-04-04,-73.96925,40.77898,8.161290322580646,253.0
2014-04-05,-73.96925,40.77898,8.391304347826088,193.0
2014-04-06,-73.96925,40.77898,4.130434782608695,95.0
2014-04-07,-73.96925,40.77898,7.27027027027027,269.0
2014-04-08,-73.96925,40.77898,6.0,174.0
2014-04-09,-73.96925,40.77898,6.913043478260869,159.0
2014-04-10,-73.96925,40.77898,6.956521739130435,160.0
2014-04-11,-73.96925,40.77898,6.041666666666667,145.0
2014-04-12,-73.96925,40.77898,4.3478260869565215,100.0
2014-04-13,-73.96925,40.77898,5.6521739130434785,130.0
2014-04-14,-73.96925,40.77898,7.380952380952381,155.0
2014-04-15,-73.96925,40.77898,9.076923076923077,472.0
2014-04-16,-73.96925,40.77898,7.5,165.0
2014-04-17,-73.96925,40.77898,7.782608695652174,179.0
2014-04-18,-73.96925,40.77898,5.434782608695652,125.0
2014-04-19,-73.96925,40.77898,5.416666666666667,130.0
2014-04-20,-73.96925,40.77898,6.083333333333333,146.0
2014-04-21,-73.96925,40.77898,4.291666666666667,103.0
2014-04-22,-73.96925,40.77898,5.458333333333333,131.0
2014-04-23,-73.96925,40.77898,8.857142857142858,186.0
2014-04-24,-73.96925,40.77898,8.476190476190476,178.0
2014-04-25,-73.96925,40.77898,4.863636363636363,107.0
2014-04-26,-73.96925,40.77898,5.358974358974359,209.0
2014-04-27,-73.96925,40.77898,5.857142857142857,123.0
2014-04-28,-73.96925,40.77898,4.181818181818182,92.0
2014-04-29,-73.96925,40.77898,8.84,221.0
2014-04-30,-73.96925,40.77898,8.253333333333334,619.0
2014-05-01,-73.96925,40.77898,5.083333333333333,183.0
2014-05-02,-73.96925,40.77898,4.409090909090909,97.0
2014-05-03,-73.96925,40.77898,3.56,89.0
2014-05-04,-73.96925,40.77898,8.210526315789474,156.0
2014-05-05,-73.96925,40.77898,7.238095238095238,152.0
2014-05-06,-73.96925,40.77898,3.9565217391304346,91.0
2014-05-07,-73.96925,40.77898,3.869565217391304,89.0
2014-05-08,-73.96925,40.77898,3.9166666666666665,141.0
2014-05-09,-73.96925,40.77898,3.28,82.0
2014-05-10,-73.96925,40.77898,4.464285714285714,125.0
2014-05-11,-73.96925,40.77898,3.15,63.0
2014-05-12,-73.96925,40.77898,1.826086956521739,42.0
2014-05-13,-73.96925,40.77898,7.125,171.0
2014-05-14,-73.96925,40.77898,4.761904761904762,100.0
2014-05-15,-73.96925,40.77898,4.333333333333333,156.0
2014-05-16,-73.96925,40.77898,6.7,201.0
2014-05-17,-73.96925,40.77898,5.0476190476190474,106.0
2014-05-18,-73.96925,40.77898,5.7272727272727275,126.0
2014-05-19,-73.96925,40.77898,4.619047619047619,97.0
2014-05-20,-73.96925,40.77898,3.1904761904761907,67.0
2014-05-21,-73.96925,40.77898,2.4545454545454546,54.0
2014-05-22,-73.96925,40.77898,3.0,96.0
2014-05-23,-73.96925,40.77898,3.973684210526316,151.0
2014-05-24,-73.96925,40.77898,3.1818181818181817,105.0
2014-05-25,-73.96925,40.77898,1.9166666666666667,46.0
2014-05-26,-73.96925,40.77898,4.809523809523809,101.0
2014-05-27,-73.96925,40.77898,4.166666666666667,100.0
2014-05-28,-73.96925,40.77898,7.708333333333333,185.0
2014-05-29,-73.96925,40.77898,4.454545454545454,98.0
2014-05-30,-73.96925,40.77898,2.347826086956522,54.0
2014-05-31,-73.96925,40.77898,5.615384615384615,146.0
2014-06-01,-73.96925,40.77898,3.608695652173913,83.0
2014-06-02,-73.96925,40.77898,4.478260869565218,103.0
2014-06-03,-73.96925,40.77898,3.6,108.0
2014-06-04,-73.96925,40.77898,3.625,87.0
2014-06-05,-73.96925,40.77898,5.934782608695652,273.0
2014-06-06,-73.96925,40.77898,4.583333333333333,110.0
2014-06-07,-73.96925,40.77898,2.739130434782609,63.0
2014-06-08,-73.96925,40.77898,2.8636363636363638,63.0
2014-06-09,-73.96925,40.77898,3.5319148936170213,166.0
2014-06-10,-73.96925,40.77898,3.3333333333333335,80.0
2014-06-11,-73.96925,40.77898,7.130434782608695,164.0
2014-06-12,-73.96925,40.77898,5.464285714285714,153.0
2014-06-13,-73.96925,40.77898,3.326530612244898,163.0
2014-06-14,-73.96925,40.77898,4.681818181818182,103.0
2014-06-15,-73.96925,40.77898,4.173913043478261,96.0
2014-06-16,-73.96925,40.77898,2.8260869565217392,65.0
2014-06-17,-73.96925,40.77898,4.136363636363637,91.0
2014-06-18,-73.96925,40.77898,5.904761904761905,124.0
2014-06-19,-73.96925,40.77898,3.730769230769231,97.0
2014-06-20,-73.96925,40.77898,4.409090909090909,97.0
2014-06-21,-73.96925,40.77898,4.833333333333333,116.0
2014-06-22,-73.96925,40.77898,1.9583333333333333,47.0
2014-06-23,-73.96925,40.77898,2.619047619047619,55.0
2014-06-24,-73.96925,40.77898,5.1,102.0
2014-06-25,-73.96925,40.77898,4.64,116.0
2014-06-26,-73.96925,40.77898,4.863636363636363,107.0
2014-06-27,-73.96925,40.77898,3.142857142857143,66.0
2014-06-28,-73.96925,40.77898,2.9565217391304346,68.0
2014-06-29,-73.96925,40.77898,2.6956521739130435,62.0
2014-06-30,-73.96925,40.77898,2.761904761904762,58.0
2014-07-01,-73.96925,40.77898,5.2,104.0
2014-07-02,-73.96925,40.77898,4.545454545454546,150.0
2014-07-03,-73.96925,40.77898,3.4722222222222223,125.0
2014-07-04,-73.96925,40.77898,5.538461538461538,144.0
2014-07-05,-73.96925,40.77898,6.782608695652174,156.0
2014-07-06,-73.96925,40.77898,4.904761904761905,103.0
2014-07-07,-73.96925,40.77898,5.714285714285714,120.0
2014-07-08,-73.96925,40.77898,4.291666666666667,103.0
2014-07-09,-73.96925,40.77898,4.32,108.0
2014-07-10,-73.96925,40.77898,2.9130434782608696,67.0
2014-07-11,-73.96925,40.77898,4.083333333333333,98.0
2014-07-12,-73.96925,40.77898,3.227272727272727,71.0
2014-07-13,-73.96925,40.77898,4.75,19.0
2014-07-14,-73.96925,40.77898,3.1,93.0
2014-07-15,-73.96925,40.77898,2.473684210526316,94.0
2014-07-16,-73.96925,40.77898,3.6956521739130435,85.0
2014-07-17,-73.96925,40.77898,4.125,99.0
2014-07-20,-73.96925,40.77898,3.9166666666666665,47.0
2014-07-21,-73.96925,40.77898,1.7826086956521738,41.0
2014-07-22,-73.96925,40.77898,3.782608695652174,87.0
2014-07-23,-73.96925,40.77898,4.956521739130435,114.0
2014-07-24,-73.96925,40.77898,4.761904761904762,100.0
2014-07-25,-73.96925,40.77898,5.2,26.0
2014-07-26,-73.96925,40.77898,4.25,102.0
2014-07-27,-73.96925,40.77898,3.260869565217391,75.0
2014-07-28,-73.96925,40.77898,6.444444444444445,174.0
2014-07-29,-73.96925,40.77898,4.956521739130435,114.0
2014-07-30,-73.96925,40.77898,2.875,69.0
2014-07-31,-73.96925,40.77898,3.263157894736842,62.0
2014-08-01,-73.96925,40.77898,3.625,87.0
2014-08-02,-73.96925,40.77898,5.67741935483871,176.0
2014-08-03,-73.96925,40.77898,2.0,58.0
2014-08-04,-73.96925,40.77898,3.347826086956522,77.0
2014-08-05,-73.96925,40.77898,2.4,48.0
2014-08-06,-73.96925,40.77898,2.909090909090909,64.0
2014-08-07,-73.96925,40.77898,4.173913043478261,96.0
2014-08-08,-73.96925,40.77898,3.0833333333333335,74.0
2014-08-09,-73.96925,40.77898,2.875,69.0
2014-08-10,-73.96925,40.77898,2.875,69.0
2014-08-11,-73.96925,40.77898,3.0526315789473686,58.0
2014-08-12,-73.96925,40.77898,6.064516129032258,188.0
2014-08-13,-73.96925,40.77898,6.0285714285714285,211.0
2014-08-14,-73.96925,40.77898,4.571428571428571,96.0
2014-08-15,-73.96925,40.77898,5.260869565217392,121.0
2014-08-16,-73.96925,40.77898,4.0,84.0
2014-08-17,-73.96925,40.77898,3.5652173913043477,82.0
2014-08-18,-73.96925,40.77898,4.476190476190476,94.0
2014-08-19,-73.96925,40.77898,3.909090909090909,86.0
2014-08-20,-73.96925,40.77898,2.142857142857143,45.0
2014-08-21,-73.96925,40.77898,3.2,80.0
2014-08-22,-73.96925,40.77898,4.72,118.0
2014-08-23,-73.96925,40.77898,4.625,111.0
2014-08-24,-73.96925,40.77898,3.1818181818181817,70.0
2014-08-25,-73.96925,40.77898,2.8,28.0
2014-08-26,-73.96925,40.77898,2.1666666666666665,52.0
2014-08-27,-73.96925,40.77898,3.2083333333333335,77.0
2014-08-28,-73.96925,40.77898,5.5,110.0
2014-08-29,-73.96925,40.77898,3.238095238095238,68.0
2014-08-30,-73.96925,40.77898,2.1904761904761907,46.0
2014-08-31,-73.96925,40.77898,3.103448275862069,90.0
2014-09-01,-73.96925,40.77898,2.9583333333333335,71.0
2014-09-02,-73.96925,40.77898,5.217391304347826,120.0
2014-09-03,-73.96925,40.77898,3.3636363636363638,74.0
2014-09-04,-73.96925,40.77898,2.7142857142857144,57.0
2014-09-05,-73.96925,40.77898,2.857142857142857,60.0
2014-09-06,-73.96925,40.77898,5.137931034482759,149.0
2014-09-07,-73.96925,40.77898,4.75,114.0
2014-09-08,-73.96925,40.77898,7.75,186.0
2014-09-09,-73.96925,40.77898,7.913043478260869,182.0
2014-09-10,-73.96925,40.77898,5.826086956521739,134.0
2014-09-11,-73.96925,40.77898,4.7368421052631575,90.0
2014-09-12,-73.96925,40.77898,5.25,126.0
2014-09-13,-73.96925,40.77898,4.121951219512195,169.0
2014-09-14,-73.96925,40.77898,3.272727272727273,72.0
2014-09-15,-73.96925,40.77898,2.9583333333333335,71.0
2014-09-16,-73.96925,40.77898,2.4864864864864864,92.0
2014-09-17,-73.96925,40.77898,2.7083333333333335,65.0
2014-09-18,-73.96925,40.77898,2.5416666666666665,61.0
2014-09-19,-73.96925,40.77898,7.625,183.0
2014-09-20,-73.96925,40.77898,2.9523809523809526,62.0
2014-09-21,-73.96925,40.77898,1.5,45.0
2014-09-22,-73.96925,40.77898,6.576923076923077,171.0
2014-09-23,-73.96925,40.77898,1.8636363636363635,41.0
2014-09-24,-73.96925,40.77898,5.625,135.0
2014-09-25,-73.96925,40.77898,8.266666666666667,248.0
2014-09-26,-73.96925,40.77898,4.375,105.0
2014-09-27,-73.96925,40.77898,2.5,60.0
2014-09-28,-73.96925,40.77898,1.6956521739130435,39.0
2014-09-29,-73.96925,40.77898,0.7083333333333334,17.0
2014-09-30,-73.96925,40.77898,4.7407407407407405,128.0
2014-10-01,-73.96925,40.77898,6.038461538461538,157.0
2014-10-02,-73.96925,40.77898,4.791666666666667,115.0
2014-10-03,-73.96925,40.77898,4.333333333333333,91.0
2014-10-04,-73.96925,40.77898,4.923076923076923,192.0
2014-10-05,-73.96925,40.77898,5.541666666666667,133.0
2014-10-06,-73.96925,40.77898,3.857142857142857,81.0
2014-10-07,-73.96925,40.77898,4.666666666666667,98.0
2014-10-08,-73.96925,40.77898,7.0,147.0
2014-10-09,-73.96925,40.77898,5.571428571428571,117.0
2014-10-10,-73.96925,40.77898,2.25,54.0
2014-10-11,-73.96925,40.77898,4.853658536585366,199.0
2014-10-12,-73.96925,40.77898,2.6666666666666665,64.0
2014-10-13,-73.96925,40.77898,2.3703703703703702,64.0
2014-10-14,-73.96925,40.77898,4.75,95.0
2014-10-15,-73.96925,40.77898,5.148148148148148,139.0
2014-10-16,-73.96925,40.77898,4.066666666666666,122.0
2014-10-17,-73.96925,40.77898,4.578947368421052,87.0
2014-10-18,-73.96925,40.77898,6.2727272727272725,138.0
2014-10-19,-73.96925,40.77898,7.7,154.0
2014-10-20,-73.96925,40.77898,3.9523809523809526,83.0
2014-10-21,-73.96925,40.77898,3.8076923076923075,99.0
2014-10-22,-73.96925,40.77898,8.340425531914894,392.0
2014-10-23,-73.96925,40.77898,7.275862068965517,211.0
2014-10-24,-73.96925,40.77898,4.619047619047619,97.0
2014-10-25,-73.96925,40.77898,5.636363636363637,124.0
2014-10-26,-73.96925,40.77898,7.863636363636363,173.0
2014-10-27,-73.96925,40.77898,5.238095238095238,110.0
2014-10-28,-73.96925,40.77898,2.8333333333333335,68.0
2014-10-29,-73.96925,40.77898,4.809523809523809,101.0
2014-10-30,-73.96925,40.77898,3.5217391304347827,81.0
2014-10-31,-73.96925,40.77898,6.68,167.0
2014-11-01,-73.96925,40.77898,8.909090909090908,196.0
2014-11-02,-73.96925,40.77898,10.727272727272727,236.0
2014-11-03,-73.96925,40.77898,5.954545454545454,131.0
2014-11-04,-73.96925,40.77898,4.7368421052631575,90.0
2014-11-05,-73.96925,40.77898,4.545454545454546,100.0
2014-11-06,-73.96925,40.77898,3.3333333333333335,130.0
2014-11-07,-73.96925,40.77898,7.238095238095238,152.0
2014-11-08,-73.96925,40.77898,6.086956521739131,140.0
2014-11-09,-73.96925,40.77898,2.75,66.0
2014-11-10,-73.96925,40.77898,2.4347826086956523,56.0
2014-11-11,-73.96925,40.77898,3.2916666666666665,79.0
2014-11-12,-73.96925,40.77898,2.6818181818181817,59.0
2014-11-13,-73.96925,40.77898,3.896551724137931,113.0
2014-11-14,-73.96925,40.77898,7.136363636363637,157.0
2014-11-15,-73.96925,40.77898,3.6666666666666665,77.0
2014-11-16,-73.96925,40.77898,3.739130434782609,86.0
2014-11-17,-73.96925,40.77898,2.6923076923076925,175.0
2014-11-18,-73.96925,40.77898,9.954545454545455,219.0
2014-11-19,-73.96925,40.77898,7.05,141.0
2014-11-20,-73.96925,40.77898,7.173913043478261,165.0
2014-11-21,-73.96925,40.77898,7.590909090909091,167.0
2014-11-22,-73.96925,40.77898,5.0,110.0
2014-11-23,-73.96925,40.77898,3.75,90.0
2014-11-24,-73.96925,40.77898,5.379310344827586,156.0
2014-11-25,-73.96925,40.77898,5.086956521739131,117.0
2014-11-26,-73.96925,40.77898,8.58974358974359,335.0
2014-11-27,-73.96925,40.77898,5.038461538461538,131.0
2014-11-28,-73.96925,40.77898,5.826086956521739,134.0
2014-11-29,-73.96925,40.77898,3.652173913043478,84.0
2014-11-30,-73.96925,40.77898,4.2272727272727275,93.0
2014-12-01,-73.96925,40.77898,6.681818181818182,147.0
2014-12-02,-73.96925,40.77898,8.814814814814815,238.0
2014-12-03,-73.96925,40.77898,7.541666666666667,181.0
2014-12-04,-73.96925,40.77898,5.826086956521739,134.0
2014-12-05,-73.96925,40.77898,5.27027027027027,195.0
2014-12-06,-73.96925,40.77898,3.9464285714285716,221.0
2014-12-07,-73.96925,40.77898,11.708333333333334,281.0
2014-12-08,-73.96925,40.77898,11.5,276.0
2014-12-09,-73.96925,40.77898,11.565217391304348,532.0
2014-12-10,-73.96925,40.77898,8.4375,270.0
2014-12-11,-73.96925,40.77898,7.32,183.0
2014-12-12,-73.96925,40.77898,8.041666666666666,193.0
2014-12-13,-73.96925,40.77898,8.73913043478261,201.0
2014-12-14,-73.96925,40.77898,5.85,117.0
2014-12-15,-73.96925,40.77898,2.75,66.0
2014-12-16,-73.96925,40.77898,3.84375,123.0
2014-12-17,-73.96925,40.77898,5.423076923076923,141.0
2014-12-18,-73.96925,40.77898,8.625,207.0
2014-12-19,-73.96925,40.77898,7.217391304347826,166.0
2014-12-20,-73.96925,40.77898,4.791666666666667,115.0
2014-12-21,-73.96925,40.77898,4.884615384615385,127.0
2014-12-22,-73.96925,40.77898,5.884615384615385,153.0
2014-12-23,-73.96925,40.77898,8.088235294117647,275.0
2014-12-24,-73.96925,40.77898,5.857142857142857,246.0
2014-12-25,-73.96925,40.77898,8.961538461538462,233.0
2014-12-26,-73.96925,40.77898,6.0,138.0
2014-12-27,-73.96925,40.77898,4.291666666666667,103.0
2014-12-28,-73.96925,40.77898,5.416666666666667,130.0
2014-12-29,-73.96925,40.77898,5.291666666666667,127.0
2014-12-30,-73.96925,40.77898,4.333333333333333,91.0
2014-12-31,-73.96925,40.77898,5.363636363636363,118.0
2015-01-01,-73.96925,40.77898,6.869565217391305,158.0
2015-01-02,-73.96925,40.77898,7.0476190476190474,148.0
2015-01-03,-73.96925,40.77898,6.48,324.0
2015-01-04,-73.96925,40.77898,5.705882352941177,194.0
2015-01-05,-73.96925,40.77898,10.409090909090908,229.0
2015-01-06,-73.96925,40.77898,4.029411764705882,137.0
2015-01-07,-73.96925,40.77898,12.681818181818182,279.0
2015-01-08,-73.96925,40.77898,8.727272727272727,192.0
2015-01-09,-73.96925,40.77898,8.466666666666667,254.0
2015-01-10,-73.96925,40.77898,7.956521739130435,183.0
2015-01-11,-73.96925,40.77898,6.043478260869565,139.0
2015-01-12,-73.96925,40.77898,3.45,138.0
2015-01-13,-73.96925,40.77898,8.565217391304348,197.0
2015-01-14,-73.96925,40.77898,6.333333333333333,152.0
2015-01-15,-73.96925,40.77898,4.7727272727272725,105.0
2015-01-16,-73.96925,40.77898,9.681818181818182,213.0
2015-01-17,-73.96925,40.77898,6.043478260869565,139.0
2015-01-18,-73.96925,40.77898,3.2244897959183674,158.0
2015-01-19,-73.96925,40.77898,7.608695652173913,175.0
2015-01-20,-73.96925,40.77898,5.782608695652174,133.0
2015-01-21,-73.96925,40.77898,4.375,105.0
2015-01-22,-73.96925,40.77898,5.478260869565218,126.0
2015-01-23,-73.96925,40.77898,5.7727272727272725,127.0
2015-01-24,-73.96925,40.77898,5.5,209.0
2015-01-25,-73.96925,40.77898,6.291666666666667,151.0
2015-01-26,-73.96925,40.77898,13.705882352941176,699.0
2015-01-27,-73.96925,40.77898,8.61111111111111,310.0
2015-01-28,-73.96925,40.77898,7.666666666666667,184.0
2015-01-29,-73.96925,40.77898,3.909090909090909,86.0
2015-01-30,-73.96925,40.77898,8.942857142857143,313.0
2015-01-31,-73.96925,40.77898,12.181818181818182,268.0
2015-02-01,-73.96925,40.77898,3.933333333333333,118.0
2015-02-02,-73.96925,40.77898,9.482142857142858,531.0
2015-02-03,-73.96925,40.77898,7.2272727272727275,159.0
2015-02-04,-73.96925,40.77898,4.25,102.0
2015-02-05,-73.96925,40.77898,8.285714285714286,174.0
2015-02-06,-73.96925,40.77898,7.142857142857143,150.0
2015-02-07,-73.96925,40.77898,4.068965517241379,118.0
2015-02-08,-73.96925,40.77898,8.541666666666666,205.0
2015-02-09,-73.96925,40.77898,10.875,261.0
2015-02-10,-73.96925,40.77898,10.2,255.0
2015-02-11,-73.96925,40.77898,6.478260869565218,149.0
2015-02-12,-73.96925,40.77898,6.9,207.0
2015-02-13,-73.96925,40.77898,9.083333333333334,218.0
2015-02-14,-73.96925,40.77898,5.8108108108108105,215.0
2015-02-15,-73.96925,40.77898,13.5,378.0
2015-02-16,-73.96925,40.77898,6.913043478260869,159.0
2015-02-17,-73.96925,40.77898,5.487804878048781,225.0
2015-02-18,-73.96925,40.77898,4.448275862068965,129.0
2015-02-19,-73.96925,40.77898,11.363636363636363,250.0
2015-02-20,-73.96925,40.77898,10.291666666666666,247.0
2015-02-21,-73.96925,40.77898,4.972222222222222,179.0
2015-02-22,-73.96925,40.77898,2.4473684210526314,93.0
2015-02-23,-73.96925,40.77898,11.0,231.0
2015-02-24,-73.96925,40.77898,5.875,141.0
2015-02-25,-73.96925,40.77898,6.304347826086956,145.0
2015-02-26,-73.96925,40.77898,7.041666666666667,169.0
2015-02-27,-73.96925,40.77898,6.15,123.0
2015-02-28,-73.96925,40.77898,3.6818181818181817,81.0
2015-03-01,-73.96925,40.77898,1.711111111111111,77.0
2015-03-02,-73.96925,40.77898,7.913043478260869,182.0
2015-03-03,-73.96925,40.77898,5.575757575757576,184.0
2015-03-04,-73.96925,40.77898,5.411764705882353,184.0
2015-03-05,-73.96925,40.77898,5.6415094339622645,299.0
2015-03-06,-73.96925,40.77898,6.260869565217392,144.0
2015-03-07,-73.96925,40.77898,5.043478260869565,116.0
2015-03-08,-73.96925,40.77898,5.043478260869565,116.0
2015-03-09,-73.96925,40.77898,4.6521739130434785,107.0
2015-03-10,-73.96925,40.77898,3.2432432432432434,120.0
2015-03-11,-73.96925,40.77898,6.48,162.0
2015-03-12,-73.96925,40.77898,8.08695652173913,186.0
2015-03-13,-73.96925,40.77898,6.478260869565218,149.0
2015-03-14,-73.96925,40.77898,5.470588235294118,186.0
2015-03-15,-73.96925,40.77898,11.173913043478262,257.0
2015-03-16,-73.96925,40.77898,4.0,92.0
2015-03-17,-73.96925,40.77898,9.7,194.0
2015-03-18,-73.96925,40.77898,9.409090909090908,207.0
2015-03-19,-73.96925,40.77898,5.913043478260869,136.0
2015-03-20,-73.96925,40.77898,8.0625,258.0
2015-03-21,-73.96925,40.77898,5.4,135.0
2015-03-22,-73.96925,40.77898,7.454545454545454,164.0
2015-03-23,-73.96925,40.77898,6.681818181818182,147.0
2015-03-24,-73.96925,40.77898,3.875,93.0
2015-03-25,-73.96925,40.77898,4.481481481481482,121.0
2015-03-26,-73.96925,40.77898,3.5365853658536586,145.0
2015-03-27,-73.96925,40.77898,4.6875,150.0
2015-03-28,-73.96925,40.77898,7.92,198.0
2015-03-29,-73.96925,40.77898,6.363636363636363,140.0
2015-03-30,-73.96925,40.77898,7.8076923076923075,203.0
2015-03-31,-73.96925,40.77898,5.266666666666667,79.0
2015-04-01,-73.96925,40.77898,5.083333333333333,122.0
2015-04-02,-73.96925,40.77898,6.181818181818182,136.0
2015-04-03,-73.96925,40.77898,6.36,159.0
2015-04-04,-73.96925,40.77898,9.956521739130435,229.0
2015-04-05,-73.96925,40.77898,4.809523809523809,101.0
2015-04-06,-73.96925,40.77898,4.333333333333333,104.0
2015-04-07,-73.96925,40.77898,7.230769230769231,188.0
2015-04-08,-73.96925,40.77898,11.25,270.0
2015-04-09,-73.96925,40.77898,8.916666666666666,214.0
2015-04-10,-73.96925,40.77898,4.517241379310345,131.0
2015-04-11,-73.96925,40.77898,8.521739130434783,196.0
2015-04-12,-73.96925,40.77898,3.3333333333333335,80.0
2015-04-13,-73.96925,40.77898,4.739130434782608,109.0
2015-04-14,-73.96925,40.77898,3.9583333333333335,95.0
2015-04-15,-73.96925,40.77898,6.190476190476191,130.0
2015-04-16,-73.96925,40.77898,6.565217391304348,151.0
2015-04-17,-73.96925,40.77898,5.52,138.0
2015-04-18,-73.96925,40.77898,4.260869565217392,98.0
2015-04-19,-73.96925,40.77898,8.409090909090908,185.0
2015-04-20,-73.96925,40.77898,7.243243243243243,268.0
2015-04-21,-73.96925,40.77898,5.161290322580645,160.0
2015-04-22,-73.96925,40.77898,6.3478260869565215,146.0
2015-04-23,-73.96925,40.77898,9.041666666666666,217.0
2015-04-24,-73.96925,40.77898,8.526315789473685,162.0
2015-04-25,-73.96925,40.77898,5.714285714285714,120.0
2015-04-26,-73.96925,40.77898,5.260869565217392,121.0
2015-04-27,-73.96925,40.77898,6.0,132.0
2015-04-28,-73.96925,40.77898,7.782608695652174,179.0
2015-04-29,-73.96925,40.77898,5.541666666666667,133.0
2015-04-30,-73.96925,40.77898,7.826086956521739,180.0
2015-05-01,-73.96925,40.77898,5.208333333333333,125.0
2015-05-02,-73.96925,40.77898,3.0,72.0
2015-05-03,-73.96925,40.77898,2.4782608695652173,57.0
2015-05-04,-73.96925,40.77898,5.217391304347826,120.0
2015-05-05,-73.96925,40.77898,3.9565217391304346,91.0
2015-05-06,-73.96925,40.77898,5.083333333333333,122.0
2015-05-07,-73.96925,40.77898,2.3043478260869565,53.0
2015-05-08,-73.96925,40.77898,2.9565217391304346,68.0
2015-05-09,-73.96925,40.77898,4.375,105.0
2015-05-10,-73.96925,40.77898,3.4761904761904763,73.0
2015-05-11,-73.96925,40.77898,3.857142857142857,81.0
2015-05-12,-73.96925,40.77898,5.368421052631579,102.0
2015-05-13,-73.96925,40.77898,7.2727272727272725,160.0
2015-05-14,-73.96925,40.77898,3.909090909090909,86.0
2015-05-15,-73.96925,40.77898,3.2857142857142856,69.0
2015-05-16,-73.96925,40.77898,2.40625,77.0
2015-05-17,-73.96925,40.77898,1.4333333333333333,43.0
2015-05-18,-73.96925,40.77898,4.608695652173913,106.0
2015-05-19,-73.96925,40.77898,2.074074074074074,56.0
2015-05-20,-73.96925,40.77898,6.588235294117647,112.0
2015-05-21,-73.96925,40.77898,2.5,55.0
2015-05-22,-73.96925,40.77898,5.956521739130435,137.0
2015-05-23,-73.96925,40.77898,4.5,99.0
2015-05-24,-73.96925,40.77898,3.9,78.0
2015-05-25,-73.96925,40.77898,4.833333333333333,87.0
2015-05-26,-73.96925,40.77898,5.25,105.0
2015-05-27,-73.96925,40.77898,5.0476190476190474,106.0
2015-05-28,-73.96925,40.77898,3.9583333333333335,95.0
2015-05-29,-73.96925,40.77898,4.166666666666667,100.0
2015-05-30,-73.96925,40.77898,5.521739130434782,127.0
2015-05-31,-73.96925,40.77898,5.45,218.0
2015-06-01,-73.96925,40.77898,9.970588235294118,339.0
2015-06-02,-73.96925,40.77898,6.451612903225806,200.0
2015-06-03,-73.96925,40.77898,4.75,114.0
2015-06-04,-73.96925,40.77898,5.291666666666667,127.0
2015-06-05,-73.96925,40.77898,2.2432432432432434,83.0
2015-06-06,-73.96925,40.77898,3.806451612903226,118.0
2015-06-07,-73.96925,40.77898,3.8421052631578947,73.0
2015-06-08,-73.96925,40.77898,5.956521739130435,137.0
2015-06-09,-73.96925,40.77898,4.869565217391305,112.0
2015-06-10,-73.96925,40.77898,3.227272727272727,71.0
2015-06-11,-73.96925,40.77898,4.5,99.0
2015-06-12,-73.96925,40.77898,4.608695652173913,106.0
2015-06-13,-73.96925,40.77898,5.333333333333333,112.0
2015-06-14,-73.96925,40.77898,2.2333333333333334,67.0
2015-06-15,-73.96925,40.77898,4.913043478260869,226.0
2015-06-16,-73.96925,40.77898,2.066666666666667,62.0
2015-06-17,-73.96925,40.77898,3.857142857142857,81.0
2015-06-18,-73.96925,40.77898,3.6363636363636362,80.0
2015-06-19,-73.96925,40.77898,3.5,77.0
2015-06-20,-73.96925,40.77898,5.25,126.0
2015-06-21,-73.96925,40.77898,4.27906976744186,184.0
2015-06-22,-73.96925,40.77898,4.958333333333333,119.0
2015-06-23,-73.96925,40.77898,5.904761904761905,124.0
2015-06-24,-73.96925,40.77898,4.6521739130434785,107.0
2015-06-25,-73.96925,40.77898,3.1666666666666665,76.0
2015-06-26,-73.96925,40.77898,4.583333333333333,110.0
2015-06-27,-73.96925,40.77898,7.897435897435898,308.0
2015-06-28,-73.96925,40.77898,5.676470588235294,193.0
2015-06-29,-73.96925,40.77898,4.863636363636363,107.0
2015-06-30,-73.96925,40.77898,5.0,110.0
2015-07-01,-73.96925,40.77898,4.461538461538462,116.0
2015-07-02,-73.96925,40.77898,1.125,27.0
2015-07-03,-73.96925,40.77898,2.8260869565217392,65.0
2015-07-04,-73.96925,40.77898,3.260869565217391,75.0
2015-07-05,-73.96925,40.77898,1.4090909090909092,31.0
2015-07-06,-73.96925,40.77898,3.0,69.0
2015-07-07,-73.96925,40.77898,4.428571428571429,124.0
2015-07-08,-73.96925,40.77898,3.1739130434782608,73.0
2015-07-09,-73.96925,40.77898,4.571428571428571,128.0
2015-07-10,-73.96925,40.77898,4.5,108.0
2015-07-11,-73.96925,40.77898,2.409090909090909,53.0
2015-07-12,-73.96925,40.77898,1.9130434782608696,44.0
2015-07-13,-73.96925,40.77898,2.625,63.0
2015-07-14,-73.96925,40.77898,2.5142857142857142,88.0
2015-07-15,-73.96925,40.77898,3.9642857142857144,111.0
2015-07-16,-73.96925,40.77898,5.625,135.0
2015-07-17,-73.96925,40.77898,3.9047619047619047,82.0
2015-07-18,-73.96925,40.77898,4.444444444444445,120.0
2015-07-19,-73.96925,40.77898,3.0833333333333335,74.0
2015-07-20,-73.96925,40.77898,4.619047619047619,97.0
2015-07-21,-73.96925,40.77898,2.5,60.0
2015-07-22,-73.96925,40.77898,5.958333333333333,143.0
2015-07-23,-73.96925,40.77898,3.75,75.0
2015-07-24,-73.96925,40.77898,2.1739130434782608,50.0
2015-07-25,-73.96925,40.77898,3.260869565217391,75.0
2015-07-26,-73.96925,40.77898,4.619047619047619,97.0
2015-07-27,-73.96925,40.77898,2.857142857142857,60.0
2015-07-28,-73.96925,40.77898,2.652173913043478,61.0
2015-07-29,-73.96925,40.77898,3.739130434782609,86.0
2015-07-30,-73.96925,40.77898,3.3333333333333335,130.0
2015-07-31,-73.96925,40.77898,3.238095238095238,68.0
2015-08-01,-73.96925,40.77898,4.333333333333333,91.0
2015-08-02,-73.96925,40.77898,2.0454545454545454,45.0
2015-08-03,-73.96925,40.77898,4.9523809523809526,104.0
2015-08-04,-73.96925,40.77898,5.1923076923076925,135.0
2015-08-05,-73.96925,40.77898,2.85,57.0
2015-08-06,-73.96925,40.77898,1.875,15.0
2015-08-07,-73.96925,40.77898,5.333333333333333,112.0
2015-08-08,-73.96925,40.77898,3.9166666666666665,94.0
2015-08-09,-73.96925,40.77898,3.8260869565217392,88.0
2015-08-10,-73.96925,40.77898,4.428571428571429,93.0
2015-08-11,-73.96925,40.77898,4.675,187.0
2015-08-12,-73.96925,40.77898,4.565217391304348,105.0
2015-08-13,-73.96925,40.77898,3.1818181818181817,70.0
2015-08-14,-73.96925,40.77898,2.8636363636363638,63.0
2015-08-15,-73.96925,40.77898,3.3043478260869565,76.0
2015-08-16,-73.96925,40.77898,1.5,36.0
2015-08-17,-73.96925,40.77898,3.2916666666666665,79.0
2015-08-18,-73.96925,40.77898,4.15,83.0
2015-08-19,-73.96925,40.77898,4.0,88.0
2015-08-20,-73.96925,40.77898,5.526315789473684,105.0
2015-08-21,-73.96925,40.77898,4.0,120.0
2015-08-22,-73.96925,40.77898,4.458333333333333,107.0
2015-08-23,-73.96925,40.77898,4.0,92.0
2015-08-24,-73.96925,40.77898,2.347826086956522,54.0
2015-08-25,-73.96925,40.77898,4.0,80.0
2015-08-26,-73.96925,40.77898,3.909090909090909,86.0
2015-08-27,-73.96925,40.77898,3.227272727272727,71.0
2015-08-28,-73.96925,40.77898,2.347826086956522,54.0
2015-08-29,-73.96925,40.77898,1.9583333333333333,47.0
2015-08-30,-73.96925,40.77898,4.4,110.0
2015-08-31,-73.96925,40.77898,4.391304347826087,101.0
2015-09-01,-73.96925,40.77898,2.2916666666666665,55.0
2015-09-02,-73.96925,40.77898,1.565217391304348,36.0
2015-09-03,-73.96925,40.77898,2.130434782608696,49.0
2015-09-04,-73.96925,40.77898,6.782608695652174,156.0
2015-09-05,-73.96925,40.77898,4.304347826086956,99.0
2015-09-06,-73.96925,40.77898,1.2857142857142858,27.0
2015-09-07,-73.96925,40.77898,4.181818181818182,92.0
2015-09-08,-73.96925,40.77898,4.6521739130434785,107.0
2015-09-09,-73.96925,40.77898,3.761904761904762,79.0
2015-09-10,-73.96925,40.77898,5.7924528301886795,307.0
2015-09-11,-73.96925,40.77898,5.083333333333333,122.0
2015-09-12,-73.96925,40.77898,4.2,105.0
2015-09-13,-73.96925,40.77898,6.36,159.0
2015-09-14,-73.96925,40.77898,6.476190476190476,136.0
2015-09-15,-73.96925,40.77898,2.1739130434782608,50.0
2015-09-16,-73.96925,40.77898,1.391304347826087,32.0
2015-09-17,-73.96925,40.77898,2.2857142857142856,48.0
2015-09-18,-73.96925,40.77898,2.0833333333333335,50.0
2015-09-19,-73.96925,40.77898,2.6842105263157894,51.0
2015-09-20,-73.96925,40.77898,7.739130434782608,178.0
2015-09-21,-73.96925,40.77898,7.583333333333333,182.0
2015-09-22,-73.96925,40.77898,7.041666666666667,169.0
2015-09-23,-73.96925,40.77898,2.875,69.0
2015-09-24,-73.96925,40.77898,4.291666666666667,103.0
2015-09-25,-73.96925,40.77898,6.291666666666667,151.0
2015-09-26,-73.96925,40.77898,6.083333333333333,146.0
2015-09-27,-73.96925,40.77898,4.833333333333333,116.0
2015-09-28,-73.96925,40.77898,3.3043478260869565,76.0
2015-09-29,-73.96925,40.77898,2.0,58.0
2015-09-30,-73.96925,40.77898,7.666666666666667,230.0
2015-10-01,-73.96925,40.77898,8.666666666666666,208.0
2015-10-02,-73.96925,40.77898,12.605263157894736,479.0
2015-10-03,-73.96925,40.77898,12.121212121212121,400.0
2015-10-04,-73.96925,40.77898,10.625,255.0
2015-10-05,-73.96925,40.77898,6.291666666666667,151.0
2015-10-06,-73.96925,40.77898,1.625,39.0
2015-10-07,-73.96925,40.77898,2.7916666666666665,67.0
2015-10-08,-73.96925,40.77898,3.375,81.0
2015-10-09,-73.96925,40.77898,4.6,138.0
2015-10-10,-73.96925,40.77898,2.391304347826087,55.0
2015-10-11,-73.96925,40.77898,3.739130434782609,86.0
2015-10-12,-73.96925,40.77898,3.8260869565217392,88.0
2015-10-13,-73.96925,40.77898,3.619047619047619,76.0
2015-10-14,-73.96925,40.77898,3.909090909090909,86.0
2015-10-15,-73.96925,40.77898,4.090909090909091,90.0
2015-10-16,-73.96925,40.77898,5.428571428571429,114.0
2015-10-17,-73.96925,40.77898,5.904761904761905,124.0
2015-10-18,-73.96925,40.77898,4.909090909090909,108.0
2015-10-19,-73.96925,40.77898,3.772727272727273,83.0
2015-10-20,-73.96925,40.77898,6.105263157894737,116.0
2015-10-21,-73.96925,40.77898,2.347826086956522,54.0
2015-10-22,-73.96925,40.77898,4.739130434782608,109.0
2015-10-23,-73.96925,40.77898,6.7272727272727275,148.0
2015-10-24,-73.96925,40.77898,4.190476190476191,88.0
2015-10-25,-73.96925,40.77898,4.833333333333333,116.0
2015-10-26,-73.96925,40.77898,3.875,93.0
2015-10-27,-73.96925,40.77898,4.333333333333333,104.0
2015-10-28,-73.96925,40.77898,6.854166666666667,329.0
2015-10-29,-73.96925,40.77898,6.636363636363637,146.0
2015-10-30,-73.96925,40.77898,6.0,114.0
2015-10-31,-73.96925,40.77898,3.0,72.0
2015-11-01,-73.96925,40.77898,5.090909090909091,112.0
2015-11-02,-73.96925,40.77898,2.0416666666666665,49.0
2015-11-03,-73.96925,40.77898,2.4782608695652173,57.0
2015-11-04,-73.96925,40.77898,2.4583333333333335,59.0
2015-11-05,-73.96925,40.77898,1.8846153846153846,49.0
2015-11-06,-73.96925,40.77898,4.7,94.0
2015-11-07,-73.96925,40.77898,4.318181818181818,95.0
2015-11-08,-73.96925,40.77898,3.5454545454545454,78.0
2015-11-09,-73.96925,40.77898,1.9166666666666667,46.0
2015-11-10,-73.96925,40.77898,9.914285714285715,347.0
2015-11-11,-73.96925,40.77898,4.925925925925926,133.0
2015-11-12,-73.96925,40.77898,5.28,132.0
2015-11-13,-73.96925,40.77898,10.761904761904763,226.0
2015-11-14,-73.96925,40.77898,7.863636363636363,173.0
2015-11-15,-73.96925,40.77898,4.7368421052631575,90.0
2015-11-16,-73.96925,40.77898,4.090909090909091,90.0
2015-11-17,-73.96925,40.77898,6.291666666666667,151.0
2015-11-18,-73.96925,40.77898,5.090909090909091,112.0
2015-11-19,-73.96925,40.77898,5.96969696969697,197.0
2015-11-20,-73.96925,40.77898,5.818181818181818,128.0
2015-11-21,-73.96925,40.77898,6.368421052631579,121.0
2015-11-22,-73.96925,40.77898,6.055555555555555,109.0
2015-11-23,-73.96925,40.77898,5.714285714285714,120.0
2015-11-24,-73.96925,40.77898,3.9130434782608696,90.0
2015-11-25,-73.96925,40.77898,2.75,66.0
2015-11-26,-73.96925,40.77898,2.9583333333333335,71.0
2015-11-30,-73.96925,40.77898,5.888888888888889,53.0
2015-12-01,-73.96925,40.77898,6.857142857142857,192.0
2015-12-02,-73.96925,40.77898,2.72,68.0
2015-12-03,-73.96925,40.77898,8.217391304347826,189.0
2015-12-04,-73.96925,40.77898,4.25,102.0
2015-12-05,-73.96925,40.77898,2.0833333333333335,50.0
2015-12-06,-73.96925,40.77898,3.3181818181818183,73.0
2015-12-07,-73.96925,40.77898,3.739130434782609,86.0
2015-12-08,-73.96925,40.77898,4.5,108.0
2015-12-09,-73.96925,40.77898,4.086956521739131,94.0
2015-12-10,-73.96925,40.77898,4.217391304347826,97.0
2015-12-11,-73.96925,40.77898,4.636363636363637,102.0
2015-12-12,-73.96925,40.77898,1.875,45.0
2015-12-13,-73.96925,40.77898,3.4166666666666665,82.0
2015-12-14,-73.96925,40.77898,4.714285714285714,132.0
2015-12-15,-73.96925,40.77898,10.4,260.0
2015-12-16,-73.96925,40.77898,4.714285714285714,132.0
2015-12-17,-73.96925,40.77898,5.0,150.0
2015-12-18,-73.96925,40.77898,6.625,159.0
2015-12-19,-73.96925,40.77898,9.272727272727273,204.0
2015-12-20,-73.96925,40.77898,5.9523809523809526,125.0
2015-12-21,-73.96925,40.77898,7.285714285714286,153.0
2015-12-22,-73.96925,40.77898,4.794117647058823,163.0
2015-12-23,-73.96925,40.77898,4.796296296296297,259.0
2015-12-24,-73.96925,40.77898,4.391304347826087,101.0
2015-12-25,-73.96925,40.77898,0.76,19.0
2015-12-26,-73.96925,40.77898,7.916666666666667,190.0
2015-12-27,-73.96925,40.77898,5.666666666666667,136.0
2015-12-28,-73.96925,40.77898,8.130434782608695,187.0
2015-12-29,-73.96925,40.77898,7.868421052631579,299.0
2015-12-30,-73.96925,40.77898,4.035714285714286,113.0
2015-12-31,-73.96925,40.77898,5.375,129.0
